id,area,timestep,b,load,shedding,dumping
1,1,1,0,151.35,0.0,0.0
2,1,1,1,151.35,0.0,0.0
3,1,1,2,151.35,0.0,0.0
4,1,1,3,151.35,0.0,0.0
5,1,2,0,166.03,0.0,0.0
6,1,2,1,166.03,0.0,0.0
7,1,2,2,166.03,0.0,0.0
8,1,2,3,166.03,0.0,0.0
9,1,3,0,187.39,0.0,0.0
10,1,3,1,187.39,0.0,0.0
11,1,3,2,187.39,0.0,0.0
12,1,3,3,187.39,0.0,0.0
13,1,4,0,209.66,0.0,0.0
14,1,4,1,209.66,0.0,0.0
15,1,4,2,209.66,0.0,0.0
16,1,4,3,209.66,0.0,0.0
17,1,5,0,243.53,0.0,0.0
18,1,5,1,243.53,0.0,0.0
19,1,5,2,243.53,0.0,0.0
20,1,5,3,243.53,0.0,0.0
21,1,6,0,277.31,0.0,0.0
22,1,6,1,277.31,0.0,0.0
23,1,6,2,277.31,0.0,0.0
24,1,6,3,277.31,0.0,0.0
25,1,7,0,284.98,0.0,0.0
26,1,7,1,284.98,0.0,0.0
27,1,7,2,284.98,0.0,0.0
28,1,7,3,284.98,0.0,0.0
29,1,8,0,262.28,0.0,0.0
30,1,8,1,262.28,0.0,0.0
31,1,8,2,262.28,0.0,0.0
32,1,8,3,262.28,0.0,0.0
33,1,9,0,198.38,0.0,0.0
34,1,9,1,198.38,0.0,0.0
35,1,9,2,198.38,0.0,0.0
36,1,9,3,198.38,0.0,0.0
37,1,10,0,139.64,0.0,0.0
38,1,10,1,139.64,0.0,0.0
39,1,10,2,139.64,0.0,0.0
40,1,10,3,139.64,0.0,0.0
41,1,11,0,126.96,0.0,0.0
42,1,11,1,126.96,0.0,0.0
43,1,11,2,126.96,0.0,0.0
44,1,11,3,126.96,0.0,0.0
45,1,12,0,144.56,0.0,0.0
46,1,12,1,144.56,0.0,0.0
47,1,12,2,144.56,0.0,0.0
48,1,12,3,144.56,0.0,0.0
49,1,13,0,206.65,0.0,0.0
50,1,13,1,206.65,0.0,0.0
51,1,13,2,206.65,0.0,0.0
52,1,13,3,206.65,0.0,0.0
53,1,14,0,274.46,0.0,0.0
54,1,14,1,274.46,0.0,0.0
55,1,14,2,274.46,0.0,0.0
56,1,14,3,274.46,0.0,0.0
57,1,15,0,307.29,0.0,0.0
58,1,15,1,307.29,0.0,0.0
59,1,15,2,307.29,0.0,0.0
60,1,15,3,307.29,0.0,0.0
61,1,16,0,317.94,0.0,0.0
62,1,16,1,317.94,0.0,0.0
63,1,16,2,317.94,0.0,0.0
64,1,16,3,317.94,0.0,0.0
65,1,17,0,309.45,0.0,0.0
66,1,17,1,309.45,0.0,0.0
67,1,17,2,309.45,0.0,0.0
68,1,17,3,309.45,0.0,0.0
69,1,18,0,299.92,0.0,0.0
70,1,18,1,299.92,0.0,0.0
71,1,18,2,299.92,0.0,0.0
72,1,18,3,299.92,0.0,0.0
73,1,19,0,296.17,0.0,0.0
74,1,19,1,296.17,0.0,0.0
75,1,19,2,296.17,0.0,0.0
76,1,19,3,296.17,0.0,0.0
77,1,20,0,289.07,0.0,0.0
78,1,20,1,289.07,0.0,0.0
79,1,20,2,289.07,0.0,0.0
80,1,20,3,289.07,0.0,0.0
81,1,21,0,276.54,0.0,0.0
82,1,21,1,276.54,0.0,0.0
83,1,21,2,276.54,0.0,0.0
84,1,21,3,276.54,0.0,0.0
85,1,22,0,264.19,0.0,0.0
86,1,22,1,264.19,0.0,0.0
87,1,22,2,264.19,0.0,0.0
88,1,22,3,264.19,0.0,0.0
89,1,23,0,258.04,0.0,0.0
90,1,23,1,258.04,0.0,0.0
91,1,23,2,258.04,0.0,0.0
92,1,23,3,258.04,0.0,0.0
93,1,24,0,256.61,0.0,0.0
94,1,24,1,256.61,0.0,0.0
95,1,24,2,256.61,0.0,0.0
96,1,24,3,256.61,0.0,0.0
97,1,25,0,259.31,0.0,0.0
98,1,25,1,259.31,0.0,0.0
99,1,25,2,259.31,0.0,0.0
100,1,25,3,259.31,0.0,0.0
101,1,26,0,262.22,0.0,0.0
102,1,26,1,262.22,0.0,0.0
103,1,26,2,262.22,0.0,0.0
104,1,26,3,262.22,0.0,0.0
105,1,27,0,263.94,0.0,0.0
106,1,27,1,263.94,0.0,0.0
107,1,27,2,263.94,0.0,0.0
108,1,27,3,263.94,0.0,0.0
109,1,28,0,266.31,0.0,0.0
110,1,28,1,266.31,0.0,0.0
111,1,28,2,266.31,0.0,0.0
112,1,28,3,266.31,0.0,0.0
113,1,29,0,266.21,0.0,0.0
114,1,29,1,266.21,0.0,0.0
115,1,29,2,266.21,0.0,0.0
116,1,29,3,266.21,0.0,0.0
117,1,30,0,266.46,0.0,0.0
118,1,30,1,266.46,0.0,0.0
119,1,30,2,266.46,0.0,0.0
120,1,30,3,266.46,0.0,0.0
121,1,31,0,273.79,0.0,0.0
122,1,31,1,273.79,0.0,0.0
123,1,31,2,273.79,0.0,0.0
124,1,31,3,273.79,0.0,0.0
125,1,32,0,289.42,0.0,0.0
126,1,32,1,289.42,0.0,0.0
127,1,32,2,289.42,0.0,0.0
128,1,32,3,289.42,0.0,0.0
129,1,33,0,322.58,0.0,0.0
130,1,33,1,322.58,0.0,0.0
131,1,33,2,322.58,0.0,0.0
132,1,33,3,322.58,0.0,0.0
133,1,34,0,355.96,0.0,0.0
134,1,34,1,355.96,0.0,0.0
135,1,34,2,355.96,0.0,0.0
136,1,34,3,355.96,0.0,0.0
137,1,35,0,364.47,0.0,0.0
138,1,35,1,364.47,0.0,0.0
139,1,35,2,364.47,0.0,0.0
140,1,35,3,364.47,0.0,0.0
141,1,36,0,349.01,0.0,0.0
142,1,36,1,349.01,0.0,0.0
143,1,36,2,349.01,0.0,0.0
144,1,36,3,349.01,0.0,0.0
145,1,37,0,303.58,0.0,0.0
146,1,37,1,303.58,0.0,0.0
147,1,37,2,303.58,0.0,0.0
148,1,37,3,303.58,0.0,0.0
149,1,38,0,259.7,0.0,0.0
150,1,38,1,259.7,0.0,0.0
151,1,38,2,259.7,0.0,0.0
152,1,38,3,259.7,0.0,0.0
153,1,39,0,245.23,0.0,0.0
154,1,39,1,245.23,0.0,0.0
155,1,39,2,245.23,0.0,0.0
156,1,39,3,245.23,0.0,0.0
157,1,40,0,250.52,0.0,0.0
158,1,40,1,250.52,0.0,0.0
159,1,40,2,250.52,0.0,0.0
160,1,40,3,250.52,0.0,0.0
161,1,41,0,282.5,0.0,0.0
162,1,41,1,282.5,0.0,0.0
163,1,41,2,282.5,0.0,0.0
164,1,41,3,282.5,0.0,0.0
165,1,42,0,315.56,0.0,0.0
166,1,42,1,315.56,0.0,0.0
167,1,42,2,315.56,0.0,0.0
168,1,42,3,315.56,0.0,0.0
169,1,43,0,323.51,0.0,0.0
170,1,43,1,323.51,0.0,0.0
171,1,43,2,323.51,0.0,0.0
172,1,43,3,323.51,0.0,0.0
173,1,44,0,312.98,0.0,0.0
174,1,44,1,312.98,0.0,0.0
175,1,44,2,312.98,0.0,0.0
176,1,44,3,312.98,0.0,0.0
177,1,45,0,282.32,0.0,0.0
178,1,45,1,282.32,0.0,0.0
179,1,45,2,282.32,0.0,0.0
180,1,45,3,282.32,0.0,0.0
181,1,46,0,252.07,0.0,0.0
182,1,46,1,252.07,0.0,0.0
183,1,46,2,252.07,0.0,0.0
184,1,46,3,252.07,0.0,0.0
185,1,47,0,237.71,0.0,0.0
186,1,47,1,237.71,0.0,0.0
187,1,47,2,237.71,0.0,0.0
188,1,47,3,237.71,0.0,0.0
189,1,48,0,232.03,0.0,0.0
190,1,48,1,232.03,0.0,0.0
191,1,48,2,232.03,0.0,0.0
192,1,48,3,232.03,0.0,0.0
193,1,49,0,232.63,0.0,0.0
194,1,49,1,232.63,0.0,0.0
195,1,49,2,232.63,0.0,0.0
196,1,49,3,232.63,0.0,0.0
197,1,50,0,233.75,0.0,0.0
198,1,50,1,233.75,0.0,0.0
199,1,50,2,233.75,0.0,0.0
200,1,50,3,233.75,0.0,0.0
201,1,51,0,235.15,0.0,0.0
202,1,51,1,235.15,0.0,0.0
203,1,51,2,235.15,0.0,0.0
204,1,51,3,235.15,0.0,0.0
205,1,52,0,240.37,0.0,0.0
206,1,52,1,240.37,0.0,0.0
207,1,52,2,240.37,0.0,0.0
208,1,52,3,240.37,0.0,0.0
209,1,53,0,248.23,0.0,0.0
210,1,53,1,248.23,0.0,0.0
211,1,53,2,248.23,0.0,0.0
212,1,53,3,248.23,0.0,0.0
213,1,54,0,256.42,0.0,0.0
214,1,54,1,256.42,0.0,0.0
215,1,54,2,256.42,0.0,0.0
216,1,54,3,256.42,0.0,0.0
217,1,55,0,265.87,0.0,0.0
218,1,55,1,265.87,0.0,0.0
219,1,55,2,265.87,0.0,0.0
220,1,55,3,265.87,0.0,0.0
221,1,56,0,278.87,0.0,0.0
222,1,56,1,278.87,0.0,0.0
223,1,56,2,278.87,0.0,0.0
224,1,56,3,278.87,0.0,0.0
225,1,57,0,302.85,0.0,0.0
226,1,57,1,302.85,0.0,0.0
227,1,57,2,302.85,0.0,0.0
228,1,57,3,302.85,0.0,0.0
229,1,58,0,326.67,0.0,0.0
230,1,58,1,326.67,0.0,0.0
231,1,58,2,326.67,0.0,0.0
232,1,58,3,326.67,0.0,0.0
233,1,59,0,331.81,0.0,0.0
234,1,59,1,331.81,0.0,0.0
235,1,59,2,331.81,0.0,0.0
236,1,59,3,331.81,0.0,0.0
237,1,60,0,317.95,0.0,0.0
238,1,60,1,317.95,0.0,0.0
239,1,60,2,317.95,0.0,0.0
240,1,60,3,317.95,0.0,0.0
241,1,61,0,283.65,0.0,0.0
242,1,61,1,283.65,0.0,0.0
243,1,61,2,283.65,0.0,0.0
244,1,61,3,283.65,0.0,0.0
245,1,62,0,249.86,0.0,0.0
246,1,62,1,249.86,0.0,0.0
247,1,62,2,249.86,0.0,0.0
248,1,62,3,249.86,0.0,0.0
249,1,63,0,231.74,0.0,0.0
250,1,63,1,231.74,0.0,0.0
251,1,63,2,231.74,0.0,0.0
252,1,63,3,231.74,0.0,0.0
253,1,64,0,221.71,0.0,0.0
254,1,64,1,221.71,0.0,0.0
255,1,64,2,221.71,0.0,0.0
256,1,64,3,221.71,0.0,0.0
257,1,65,0,217.14,0.0,0.0
258,1,65,1,217.14,0.0,0.0
259,1,65,2,217.14,0.0,0.0
260,1,65,3,217.14,0.0,0.0
261,1,66,0,213.03,0.0,0.0
262,1,66,1,213.03,0.0,0.0
263,1,66,2,213.03,0.0,0.0
264,1,66,3,213.03,0.0,0.0
265,1,67,0,209.65,0.0,0.0
266,1,67,1,209.65,0.0,0.0
267,1,67,2,209.65,0.0,0.0
268,1,67,3,209.65,0.0,0.0
269,1,68,0,209.92,0.0,0.0
270,1,68,1,209.92,0.0,0.0
271,1,68,2,209.92,0.0,0.0
272,1,68,3,209.92,0.0,0.0
273,1,69,0,208.09,0.0,0.0
274,1,69,1,208.09,0.0,0.0
275,1,69,2,208.09,0.0,0.0
276,1,69,3,208.09,0.0,0.0
277,1,70,0,206.98,0.0,0.0
278,1,70,1,206.98,0.0,0.0
279,1,70,2,206.98,0.0,0.0
280,1,70,3,206.98,0.0,0.0
281,1,71,0,217.57,0.0,0.0
282,1,71,1,217.57,0.0,0.0
283,1,71,2,217.57,0.0,0.0
284,1,71,3,217.57,0.0,0.0
285,1,72,0,242.9,0.0,0.0
286,1,72,1,242.9,0.0,0.0
287,1,72,2,242.9,0.0,0.0
288,1,72,3,242.9,0.0,0.0
289,1,73,0,294.12,0.0,0.0
290,1,73,1,294.12,0.0,0.0
291,1,73,2,294.12,0.0,0.0
292,1,73,3,294.12,0.0,0.0
293,1,74,0,347.08,0.0,0.0
294,1,74,1,347.08,0.0,0.0
295,1,74,2,347.08,0.0,0.0
296,1,74,3,347.08,0.0,0.0
297,1,75,0,370.15,0.0,0.0
298,1,75,1,370.15,0.0,0.0
299,1,75,2,370.15,0.0,0.0
300,1,75,3,370.15,0.0,0.0
301,1,76,0,366.61,0.0,0.0
302,1,76,1,366.61,0.0,0.0
303,1,76,2,366.61,0.0,0.0
304,1,76,3,366.61,0.0,0.0
305,1,77,0,334.31,0.0,0.0
306,1,77,1,334.31,0.0,0.0
307,1,77,2,334.31,0.0,0.0
308,1,77,3,334.31,0.0,0.0
309,1,78,0,302.23,0.0,0.0
310,1,78,1,302.23,0.0,0.0
311,1,78,2,302.23,0.0,0.0
312,1,78,3,302.23,0.0,0.0
313,1,79,0,291.54,0.0,0.0
314,1,79,1,291.54,0.0,0.0
315,1,79,2,291.54,0.0,0.0
316,1,79,3,291.54,0.0,0.0
317,1,80,0,292.17,0.0,0.0
318,1,80,1,292.17,0.0,0.0
319,1,80,2,292.17,0.0,0.0
320,1,80,3,292.17,0.0,0.0
321,1,81,0,309.06,0.0,0.0
322,1,81,1,309.06,0.0,0.0
323,1,81,2,309.06,0.0,0.0
324,1,81,3,309.06,0.0,0.0
325,1,82,0,326.02,0.0,0.0
326,1,82,1,326.02,0.0,0.0
327,1,82,2,326.02,0.0,0.0
328,1,82,3,326.02,0.0,0.0
329,1,83,0,325.1,0.0,0.0
330,1,83,1,325.1,0.0,0.0
331,1,83,2,325.1,0.0,0.0
332,1,83,3,325.1,0.0,0.0
333,1,84,0,309.17,0.0,0.0
334,1,84,1,309.17,0.0,0.0
335,1,84,2,309.17,0.0,0.0
336,1,84,3,309.17,0.0,0.0
337,1,85,0,261.09,0.0,0.0
338,1,85,1,261.09,0.0,0.0
339,1,85,2,261.09,0.0,0.0
340,1,85,3,261.09,0.0,0.0
341,1,86,0,216.41,0.0,0.0
342,1,86,1,216.41,0.0,0.0
343,1,86,2,216.41,0.0,0.0
344,1,86,3,216.41,0.0,0.0
345,1,87,0,220.56,0.0,0.0
346,1,87,1,220.56,0.0,0.0
347,1,87,2,220.56,0.0,0.0
348,1,87,3,220.56,0.0,0.0
349,1,88,0,267.94,0.0,0.0
350,1,88,1,267.94,0.0,0.0
351,1,88,2,267.94,0.0,0.0
352,1,88,3,267.94,0.0,0.0
353,1,89,0,399.16,0.0,0.0
354,1,89,1,399.16,0.0,0.0
355,1,89,2,399.16,0.0,0.0
356,1,89,3,399.16,0.0,0.0
357,1,90,0,541.09,0.0,0.0
358,1,90,1,541.09,0.0,0.0
359,1,90,2,541.09,0.0,0.0
360,1,90,3,541.09,0.0,0.0
361,1,91,0,589.21,0.0,0.0
362,1,91,1,589.21,0.0,0.0
363,1,91,2,589.21,0.0,0.0
364,1,91,3,589.21,0.0,0.0
365,1,92,0,552.27,0.0,0.0
366,1,92,1,552.27,0.0,0.0
367,1,92,2,552.27,0.0,0.0
368,1,92,3,552.27,0.0,0.0
369,1,93,0,446.19,0.0,0.0
370,1,93,1,446.19,0.0,0.0
371,1,93,2,446.19,0.0,0.0
372,1,93,3,446.19,0.0,0.0
373,1,94,0,342.0,0.0,0.0
374,1,94,1,342.0,0.0,0.0
375,1,94,2,342.0,0.0,0.0
376,1,94,3,342.0,0.0,0.0
377,1,95,0,268.14,0.0,0.0
378,1,95,1,268.14,0.0,0.0
379,1,95,2,268.14,0.0,0.0
380,1,95,3,268.14,0.0,0.0
381,1,96,0,196.93,0.0,0.0
382,1,96,1,196.93,0.0,0.0
383,1,96,2,196.93,0.0,0.0
384,1,96,3,196.93,0.0,0.0
385,2,1,0,109.99,0.0,35.79
386,2,1,1,109.99,0.0,64.9
387,2,1,2,109.99,0.0,220.88
388,2,1,3,109.99,0.0,139.49
389,2,2,0,121.28,0.0,139.49
390,2,2,1,121.28,0.0,58.1
391,2,2,2,121.28,0.0,169.29
392,2,2,3,121.28,0.0,82.27
393,2,3,0,137.7,0.0,82.27
394,2,3,1,137.7,0.0,0.0
395,2,3,2,137.7,0.0,120.15
396,2,3,3,137.7,0.0,16.22
397,2,4,0,154.33,0.0,23.29
398,2,4,1,154.33,0.0,0.0
399,2,4,2,154.33,0.0,74.45
400,2,4,3,154.33,0.0,0.0
401,2,5,0,169.79,0.0,0.0
402,2,5,1,169.79,0.0,0.0
403,2,5,2,169.79,0.0,0.0
404,2,5,3,169.79,0.0,0.0
405,2,6,0,185.3,0.0,0.0
406,2,6,1,185.3,0.0,0.0
407,2,6,2,185.3,0.0,0.0
408,2,6,3,185.3,0.0,0.0
409,2,7,0,203.7,0.0,0.0
410,2,7,1,203.7,0.0,0.0
411,2,7,2,203.7,0.0,0.0
412,2,7,3,203.7,0.0,0.0
413,2,8,0,225.71,0.0,0.0
414,2,8,1,225.71,0.0,0.0
415,2,8,2,225.71,0.0,0.0
416,2,8,3,225.71,0.0,0.0
417,2,9,0,258.41,0.0,0.0
418,2,9,1,258.41,0.0,0.0
419,2,9,2,258.41,0.0,0.0
420,2,9,3,258.41,0.0,0.0
421,2,10,0,291.36,0.0,0.0
422,2,10,1,291.36,0.0,0.0
423,2,10,2,291.36,0.0,0.0
424,2,10,3,291.36,0.0,0.0
425,2,11,0,306.56,0.0,0.0
426,2,11,1,306.56,0.0,0.0
427,2,11,2,306.56,0.0,0.0
428,2,11,3,306.56,0.0,0.0
429,2,12,0,303.24,0.0,0.0
430,2,12,1,303.24,0.0,0.0
431,2,12,2,303.24,0.0,0.0
432,2,12,3,303.24,0.0,0.0
433,2,13,0,282.56,0.0,0.0
434,2,13,1,282.56,0.0,0.0
435,2,13,2,282.56,0.0,0.0
436,2,13,3,282.56,0.0,0.0
437,2,14,0,261.55,0.0,0.0
438,2,14,1,261.55,0.0,0.0
439,2,14,2,261.55,0.0,0.0
440,2,14,3,261.55,0.0,0.0
441,2,15,0,249.07,0.0,0.0
442,2,15,1,249.07,0.0,0.0
443,2,15,2,249.07,0.0,0.0
444,2,15,3,249.07,0.0,0.0
445,2,16,0,237.67,0.0,0.0
446,2,16,1,237.67,0.0,0.0
447,2,16,2,237.67,0.0,0.0
448,2,16,3,237.67,0.0,0.0
449,2,17,0,221.7,0.0,0.0
450,2,17,1,221.7,0.0,0.0
451,2,17,2,221.7,0.0,0.0
452,2,17,3,221.7,0.0,0.0
453,2,18,0,206.56,0.0,0.0
454,2,18,1,206.56,0.0,0.0
455,2,18,2,206.56,0.0,0.0
456,2,18,3,206.56,0.0,0.0
457,2,19,0,203.15,0.0,0.0
458,2,19,1,203.15,0.0,0.0
459,2,19,2,203.15,0.0,0.0
460,2,19,3,203.15,0.0,0.0
461,2,20,0,211.92,0.0,0.0
462,2,20,1,211.92,0.0,0.0
463,2,20,2,211.92,0.0,0.0
464,2,20,3,211.92,0.0,0.0
465,2,21,0,237.11,0.0,0.0
466,2,21,1,237.11,0.0,0.0
467,2,21,2,237.11,0.0,0.0
468,2,21,3,237.11,0.0,0.0
469,2,22,0,263.08,0.0,0.0
470,2,22,1,263.08,0.0,0.0
471,2,22,2,263.08,0.0,0.0
472,2,22,3,263.08,0.0,0.0
473,2,23,0,274.26,0.0,0.0
474,2,23,1,274.26,0.0,0.0
475,2,23,2,274.26,0.0,0.0
476,2,23,3,274.26,0.0,0.0
477,2,24,0,274.85,0.0,0.0
478,2,24,1,274.85,0.0,0.0
479,2,24,2,274.85,0.0,0.0
480,2,24,3,274.85,0.0,0.0
481,2,25,0,259.88,0.0,0.0
482,2,25,1,259.88,0.0,0.0
483,2,25,2,259.88,0.0,0.0
484,2,25,3,259.88,0.0,0.0
485,2,26,0,245.27,0.0,0.0
486,2,26,1,245.27,0.0,0.0
487,2,26,2,245.27,0.0,0.0
488,2,26,3,245.27,0.0,0.0
489,2,27,0,248.34,0.0,0.0
490,2,27,1,248.34,0.0,0.0
491,2,27,2,248.34,0.0,0.0
492,2,27,3,248.34,0.0,0.0
493,2,28,0,265.84,0.0,0.0
494,2,28,1,265.84,0.0,0.0
495,2,28,2,265.84,0.0,0.0
496,2,28,3,265.84,0.0,0.0
497,2,29,0,308.79,0.0,0.0
498,2,29,1,308.79,0.0,0.0
499,2,29,2,308.79,0.0,0.0
500,2,29,3,308.79,0.0,0.0
501,2,30,0,352.76,0.0,0.0
502,2,30,1,352.76,0.0,0.0
503,2,30,2,352.76,0.0,0.0
504,2,30,3,352.76,0.0,0.0
505,2,31,0,365.47,0.0,0.0
506,2,31,1,365.47,0.0,0.0
507,2,31,2,365.47,0.0,0.0
508,2,31,3,365.47,0.0,0.0
509,2,32,0,349.72,0.0,0.0
510,2,32,1,349.72,0.0,0.0
511,2,32,2,349.72,0.0,0.0
512,2,32,3,349.72,0.0,0.0
513,2,33,0,298.31,0.0,0.0
514,2,33,1,298.31,0.0,0.0
515,2,33,2,298.31,0.0,0.0
516,2,33,3,298.31,0.0,0.0
517,2,34,0,248.99,0.0,0.0
518,2,34,1,248.99,0.0,0.0
519,2,34,2,248.99,0.0,0.0
520,2,34,3,248.99,0.0,0.0
521,2,35,0,235.07,0.0,0.0
522,2,35,1,235.07,0.0,0.0
523,2,35,2,235.07,0.0,0.0
524,2,35,3,235.07,0.0,0.0
525,2,36,0,244.95,0.0,0.0
526,2,36,1,244.95,0.0,0.0
527,2,36,2,244.95,0.0,0.0
528,2,36,3,244.95,0.0,0.0
529,2,37,0,287.22,0.0,0.0
530,2,37,1,287.22,0.0,0.0
531,2,37,2,287.22,0.0,0.0
532,2,37,3,287.22,0.0,0.0
533,2,38,0,331.36,0.0,0.0
534,2,38,1,331.36,0.0,0.0
535,2,38,2,331.36,0.0,0.0
536,2,38,3,331.36,0.0,0.0
537,2,39,0,346.05,0.0,0.0
538,2,39,1,346.05,0.0,0.0
539,2,39,2,346.05,0.0,0.0
540,2,39,3,346.05,0.0,0.0
541,2,40,0,339.55,0.0,0.0
542,2,40,1,339.55,0.0,0.0
543,2,40,2,339.55,0.0,0.0
544,2,40,3,339.55,0.0,0.0
545,2,41,0,314.18,0.0,0.0
546,2,41,1,314.18,0.0,0.0
547,2,41,2,314.18,0.0,0.0
548,2,41,3,314.18,0.0,0.0
549,2,42,0,288.41,0.0,0.0
550,2,42,1,288.41,0.0,0.0
551,2,42,2,288.41,0.0,0.0
552,2,42,3,288.41,0.0,0.0
553,2,43,0,271.01,0.0,0.0
554,2,43,1,271.01,0.0,0.0
555,2,43,2,271.01,0.0,0.0
556,2,43,3,271.01,0.0,0.0
557,2,44,0,253.72,0.0,0.0
558,2,44,1,253.72,0.0,0.0
559,2,44,2,253.72,0.0,0.0
560,2,44,3,253.72,0.0,0.0
561,2,45,0,229.48,0.0,0.0
562,2,45,1,229.48,0.0,0.0
563,2,45,2,229.48,0.0,0.0
564,2,45,3,229.48,0.0,0.0
565,2,46,0,206.45,0.0,0.0
566,2,46,1,206.45,0.0,0.0
567,2,46,2,206.45,0.0,0.0
568,2,46,3,206.45,0.0,0.0
569,2,47,0,198.79,0.0,0.0
570,2,47,1,198.79,0.0,0.0
571,2,47,2,198.79,0.0,0.0
572,2,47,3,198.79,0.0,0.0
573,2,48,0,206.14,0.0,0.0
574,2,48,1,206.14,0.0,0.0
575,2,48,2,206.14,0.0,0.0
576,2,48,3,206.14,0.0,0.0
577,2,49,0,234.51,0.0,0.0
578,2,49,1,234.51,0.0,0.0
579,2,49,2,234.51,0.0,0.0
580,2,49,3,234.51,0.0,0.0
581,2,50,0,263.81,0.0,0.0
582,2,50,1,263.81,0.0,0.0
583,2,50,2,263.81,0.0,0.0
584,2,50,3,263.81,0.0,0.0
585,2,51,0,273.09,0.0,0.0
586,2,51,1,273.09,0.0,0.0
587,2,51,2,273.09,0.0,0.0
588,2,51,3,273.09,0.0,0.0
589,2,52,0,267.26,0.0,0.0
590,2,52,1,267.26,0.0,0.0
591,2,52,2,267.26,0.0,0.0
592,2,52,3,267.26,0.0,0.0
593,2,53,0,239.68,0.0,0.0
594,2,53,1,239.68,0.0,0.0
595,2,53,2,239.68,0.0,0.0
596,2,53,3,239.68,0.0,0.0
597,2,54,0,213.08,0.0,0.0
598,2,54,1,213.08,0.0,0.0
599,2,54,2,213.08,0.0,0.0
600,2,54,3,213.08,0.0,0.0
601,2,55,0,211.09,0.0,0.0
602,2,55,1,211.09,0.0,0.0
603,2,55,2,211.09,0.0,0.0
604,2,55,3,211.09,0.0,0.0
605,2,56,0,228.03,0.0,0.0
606,2,56,1,228.03,0.0,0.0
607,2,56,2,228.03,0.0,0.0
608,2,56,3,228.03,0.0,0.0
609,2,57,0,268.78,0.0,0.0
610,2,57,1,268.78,0.0,0.0
611,2,57,2,268.78,0.0,0.0
612,2,57,3,268.78,0.0,0.0
613,2,58,0,311.48,0.0,0.0
614,2,58,1,311.48,0.0,0.0
615,2,58,2,311.48,0.0,0.0
616,2,58,3,311.48,0.0,0.0
617,2,59,0,336.94,0.0,0.0
618,2,59,1,336.94,0.0,0.0
619,2,59,2,336.94,0.0,0.0
620,2,59,3,336.94,0.0,0.0
621,2,60,0,353.27,0.0,0.0
622,2,60,1,353.27,0.0,0.0
623,2,60,2,353.27,0.0,0.0
624,2,60,3,353.27,0.0,0.0
625,2,61,0,369.78,0.0,0.0
626,2,61,1,369.78,0.0,0.0
627,2,61,2,369.78,0.0,0.0
628,2,61,3,369.78,0.0,0.0
629,2,62,0,385.13,0.0,0.0
630,2,62,1,385.13,0.0,0.0
631,2,62,2,385.13,0.0,0.0
632,2,62,3,385.13,0.0,0.0
633,2,63,0,383.83,0.0,0.0
634,2,63,1,383.83,0.0,0.0
635,2,63,2,383.83,0.0,0.0
636,2,63,3,383.83,0.0,0.0
637,2,64,0,360.15,0.0,0.0
638,2,64,1,360.15,0.0,0.0
639,2,64,2,360.15,0.0,0.0
640,2,64,3,360.15,0.0,0.0
641,2,65,0,310.14,0.0,0.0
642,2,65,1,310.14,0.0,0.0
643,2,65,2,310.14,0.0,0.0
644,2,65,3,310.14,0.0,0.0
645,2,66,0,261.65,0.0,0.0
646,2,66,1,261.65,0.0,0.0
647,2,66,2,261.65,0.0,0.0
648,2,66,3,261.65,0.0,0.0
649,2,67,0,236.97,0.0,0.0
650,2,67,1,236.97,0.0,0.0
651,2,67,2,236.97,0.0,0.0
652,2,67,3,236.97,0.0,0.0
653,2,68,0,226.61,0.0,0.0
654,2,68,1,226.61,0.0,0.0
655,2,68,2,226.61,0.0,0.0
656,2,68,3,226.61,0.0,0.0
657,2,69,0,230.31,0.0,0.0
658,2,69,1,230.31,0.0,0.0
659,2,69,2,230.31,0.0,0.0
660,2,69,3,230.31,0.0,0.0
661,2,70,0,234.4,0.0,0.0
662,2,70,1,234.4,0.0,0.0
663,2,70,2,234.4,0.0,0.0
664,2,70,3,234.4,0.0,0.0
665,2,71,0,230.4,0.0,0.0
666,2,71,1,230.4,0.0,0.0
667,2,71,2,230.4,0.0,0.0
668,2,71,3,230.4,0.0,0.0
669,2,72,0,223.58,0.0,0.0
670,2,72,1,223.58,0.0,0.0
671,2,72,2,223.58,0.0,0.0
672,2,72,3,223.58,0.0,0.0
673,2,73,0,207.89,0.0,0.0
674,2,73,1,207.89,0.0,0.0
675,2,73,2,207.89,0.0,0.0
676,2,73,3,207.89,0.0,0.0
677,2,74,0,193.03,0.0,0.0
678,2,74,1,193.03,0.0,0.0
679,2,74,2,193.03,0.0,0.0
680,2,74,3,193.03,0.0,0.0
681,2,75,0,193.97,0.0,0.0
682,2,75,1,193.97,0.0,0.0
683,2,75,2,193.97,0.0,0.0
684,2,75,3,193.97,0.0,0.0
685,2,76,0,210.27,0.0,0.0
686,2,76,1,210.27,0.0,0.0
687,2,76,2,210.27,0.0,0.0
688,2,76,3,210.27,0.0,0.0
689,2,77,0,250.46,0.0,0.0
690,2,77,1,250.46,0.0,0.0
691,2,77,2,250.46,0.0,0.0
692,2,77,3,250.46,0.0,0.0
693,2,78,0,292.12,0.0,0.0
694,2,78,1,292.12,0.0,0.0
695,2,78,2,292.12,0.0,0.0
696,2,78,3,292.12,0.0,0.0
697,2,79,0,308.98,0.0,0.0
698,2,79,1,308.98,0.0,0.0
699,2,79,2,308.98,0.0,0.0
700,2,79,3,308.98,0.0,0.0
701,2,80,0,305.32,0.0,0.0
702,2,80,1,305.32,0.0,0.0
703,2,80,2,305.32,0.0,0.0
704,2,80,3,305.32,0.0,0.0
705,2,81,0,274.36,0.0,0.0
706,2,81,1,274.36,0.0,0.0
707,2,81,2,274.36,0.0,0.0
708,2,81,3,274.36,0.0,0.0
709,2,82,0,244.32,0.0,0.0
710,2,82,1,244.32,0.0,0.0
711,2,82,2,244.32,0.0,0.0
712,2,82,3,244.32,0.0,0.0
713,2,83,0,242.48,0.0,0.0
714,2,83,1,242.48,0.0,0.0
715,2,83,2,242.48,0.0,0.0
716,2,83,3,242.48,0.0,0.0
717,2,84,0,261.33,0.0,0.0
718,2,84,1,261.33,0.0,0.0
719,2,84,2,261.33,0.0,0.0
720,2,84,3,261.33,0.0,0.0
721,2,85,0,309.83,0.0,0.0
722,2,85,1,309.83,0.0,0.0
723,2,85,2,309.83,0.0,0.0
724,2,85,3,309.83,0.0,0.0
725,2,86,0,360.35,0.0,0.0
726,2,86,1,360.35,0.0,0.0
727,2,86,2,360.35,0.0,0.0
728,2,86,3,360.35,0.0,0.0
729,2,87,0,383.0,0.0,0.0
730,2,87,1,383.0,0.0,0.0
731,2,87,2,383.0,0.0,0.0
732,2,87,3,383.0,0.0,0.0
733,2,88,0,385.01,0.0,0.0
734,2,88,1,385.01,0.0,0.0
735,2,88,2,385.01,0.0,0.0
736,2,88,3,385.01,0.0,0.0
737,2,89,0,376.24,0.0,0.0
738,2,89,1,376.24,0.0,0.0
739,2,89,2,376.24,0.0,0.0
740,2,89,3,376.24,0.0,0.0
741,2,90,0,365.85,0.0,0.0
742,2,90,1,365.85,0.0,0.0
743,2,90,2,365.85,0.0,0.0
744,2,90,3,365.85,0.0,0.0
745,2,91,0,345.5,0.0,0.0
746,2,91,1,345.5,0.0,0.0
747,2,91,2,345.5,0.0,0.0
748,2,91,3,345.5,0.0,0.0
749,2,92,0,306.82,0.0,0.0
750,2,92,1,306.82,0.0,0.0
751,2,92,2,306.82,0.0,0.0
752,2,92,3,306.82,0.0,0.0
753,2,93,0,253.09,0.0,0.0
754,2,93,1,253.09,0.0,0.0
755,2,93,2,253.09,0.0,0.0
756,2,93,3,253.09,0.0,0.0
757,2,94,0,199.91,0.0,0.0
758,2,94,1,199.91,0.0,0.0
759,2,94,2,199.91,0.0,0.0
760,2,94,3,199.91,0.0,0.0
761,2,95,0,153.47,0.0,0.0
762,2,95,1,153.47,0.0,0.0
763,2,95,2,153.47,0.0,0.0
764,2,95,3,153.47,0.0,0.0
765,2,96,0,108.11,0.0,0.0
766,2,96,1,108.11,0.0,30.21
767,2,96,2,108.11,0.0,0.0
768,2,96,3,108.11,0.0,0.0
769,3,1,0,133.16,0.0,0.0
770,3,1,1,133.16,0.0,0.0
771,3,1,2,133.16,0.0,0.0
772,3,1,3,133.16,0.0,0.0
773,3,2,0,154.46,0.0,0.0
774,3,2,1,154.46,0.0,0.0
775,3,2,2,154.46,0.0,0.0
776,3,2,3,154.46,0.0,0.0
777,3,3,0,185.46,0.0,0.0
778,3,3,1,185.46,0.0,0.0
779,3,3,2,185.46,0.0,0.0
780,3,3,3,185.46,0.0,0.0
781,3,4,0,217.53,0.0,0.0
782,3,4,1,217.53,0.0,0.0
783,3,4,2,217.53,0.0,0.0
784,3,4,3,217.53,0.0,0.0
785,3,5,0,261.21,0.0,0.0
786,3,5,1,261.21,0.0,0.0
787,3,5,2,261.21,0.0,0.0
788,3,5,3,261.21,0.0,0.0
789,3,6,0,305.15,0.0,0.0
790,3,6,1,305.15,0.0,0.0
791,3,6,2,305.15,0.0,0.0
792,3,6,3,305.15,0.0,0.0
793,3,7,0,322.87,0.0,0.0
794,3,7,1,322.87,0.0,0.0
795,3,7,2,322.87,0.0,0.0
796,3,7,3,322.87,0.0,0.0
797,3,8,0,309.36,0.0,0.0
798,3,8,1,309.36,0.0,0.0
799,3,8,2,309.36,0.0,0.0
800,3,8,3,309.36,0.0,0.0
801,3,9,0,257.28,0.0,0.0
802,3,9,1,257.28,0.0,0.0
803,3,9,2,257.28,0.0,0.0
804,3,9,3,257.28,0.0,0.0
805,3,10,0,207.64,0.0,0.0
806,3,10,1,207.64,0.0,0.0
807,3,10,2,207.64,0.0,0.0
808,3,10,3,207.64,0.0,0.0
809,3,11,0,195.5,0.0,0.0
810,3,11,1,195.5,0.0,0.0
811,3,11,2,195.5,0.0,0.0
812,3,11,3,195.5,0.0,0.0
813,3,12,0,207.78,0.0,0.0
814,3,12,1,207.78,0.0,0.0
815,3,12,2,207.78,0.0,0.0
816,3,12,3,207.78,0.0,0.0
817,3,13,0,252.71,0.0,0.0
818,3,13,1,252.71,0.0,0.0
819,3,13,2,252.71,0.0,0.0
820,3,13,3,252.71,0.0,0.0
821,3,14,0,300.12,0.0,0.0
822,3,14,1,300.12,0.0,0.0
823,3,14,2,300.12,0.0,0.0
824,3,14,3,300.12,0.0,0.0
825,3,15,0,320.05,0.0,0.0
826,3,15,1,320.05,0.0,0.0
827,3,15,2,320.05,0.0,0.0
828,3,15,3,320.05,0.0,0.0
829,3,16,0,321.34,0.0,0.0
830,3,16,1,321.34,0.0,0.0
831,3,16,2,321.34,0.0,0.0
832,3,16,3,321.34,0.0,0.0
833,3,17,0,301.58,0.0,0.0
834,3,17,1,301.58,0.0,0.0
835,3,17,2,301.58,0.0,0.0
836,3,17,3,301.58,0.0,0.0
837,3,18,0,281.77,0.0,0.0
838,3,18,1,281.77,0.0,0.0
839,3,18,2,281.77,0.0,0.0
840,3,18,3,281.77,0.0,0.0
841,3,19,0,278.76,0.0,0.0
842,3,19,1,278.76,0.0,0.0
843,3,19,2,278.76,0.0,0.0
844,3,19,3,278.76,0.0,0.0
845,3,20,0,285.48,0.0,0.0
846,3,20,1,285.48,0.0,0.0
847,3,20,2,285.48,0.0,0.0
848,3,20,3,285.48,0.0,0.0
849,3,21,0,300.85,0.0,0.0
850,3,21,1,300.85,0.0,0.0
851,3,21,2,300.85,0.0,0.0
852,3,21,3,300.85,0.0,0.0
853,3,22,0,316.89,0.0,0.0
854,3,22,1,316.89,0.0,0.0
855,3,22,2,316.89,0.0,0.0
856,3,22,3,316.89,0.0,0.0
857,3,23,0,330.69,0.0,0.0
858,3,23,1,330.69,0.0,0.0
859,3,23,2,330.69,0.0,0.0
860,3,23,3,330.69,0.0,0.0
861,3,24,0,346.93,0.0,0.0
862,3,24,1,346.93,0.0,0.0
863,3,24,2,346.93,0.0,0.0
864,3,24,3,346.93,0.0,0.0
865,3,25,0,375.25,0.0,0.0
866,3,25,1,375.25,0.0,0.0
867,3,25,2,375.25,0.0,0.0
868,3,25,3,375.25,0.0,0.0
869,3,26,0,403.23,0.0,0.0
870,3,26,1,403.23,0.0,0.0
871,3,26,2,403.23,0.0,0.0
872,3,26,3,403.23,0.0,0.0
873,3,27,0,408.06,0.0,0.0
874,3,27,1,408.06,0.0,0.0
875,3,27,2,408.06,0.0,0.0
876,3,27,3,408.06,0.0,0.0
877,3,28,0,388.74,0.0,0.0
878,3,28,1,388.74,0.0,0.0
879,3,28,2,388.74,0.0,0.0
880,3,28,3,388.74,0.0,0.0
881,3,29,0,349.86,0.0,0.0
882,3,29,1,349.86,0.0,0.0
883,3,29,2,349.86,0.0,0.0
884,3,29,3,349.86,0.0,0.0
885,3,30,0,310.53,0.0,0.0
886,3,30,1,310.53,0.0,0.0
887,3,30,2,310.53,0.0,0.0
888,3,30,3,310.53,0.0,0.0
889,3,31,0,276.87,0.0,0.0
890,3,31,1,276.87,0.0,0.0
891,3,31,2,276.87,0.0,0.0
892,3,31,3,276.87,0.0,0.0
893,3,32,0,239.48,0.0,0.0
894,3,32,1,239.48,0.0,0.0
895,3,32,2,239.48,0.0,0.0
896,3,32,3,239.48,0.0,0.0
897,3,33,0,179.91,0.0,0.0
898,3,33,1,179.91,0.0,0.0
899,3,33,2,179.91,0.0,0.0
900,3,33,3,179.91,0.0,0.0
901,3,34,0,126.25,0.0,0.0
902,3,34,1,126.25,0.0,0.0
903,3,34,2,126.25,0.0,0.0
904,3,34,3,126.25,0.0,0.0
905,3,35,0,114.96,0.0,0.0
906,3,35,1,114.96,0.0,0.0
907,3,35,2,114.96,0.0,0.0
908,3,35,3,114.96,0.0,0.0
909,3,36,0,137.21,0.0,0.0
910,3,36,1,137.21,0.0,0.0
911,3,36,2,137.21,0.0,0.0
912,3,36,3,137.21,0.0,0.0
913,3,37,0,213.35,0.0,0.0
914,3,37,1,213.35,0.0,0.0
915,3,37,2,213.35,0.0,0.0
916,3,37,3,213.35,0.0,0.0
917,3,38,0,297.75,0.0,0.0
918,3,38,1,297.75,0.0,0.0
919,3,38,2,297.75,0.0,0.0
920,3,38,3,297.75,0.0,0.0
921,3,39,0,339.58,0.0,0.0
922,3,39,1,339.58,0.0,0.0
923,3,39,2,339.58,0.0,0.0
924,3,39,3,339.58,0.0,0.0
925,3,40,0,354.18,0.0,0.0
926,3,40,1,354.18,0.0,0.0
927,3,40,2,354.18,0.0,0.0
928,3,40,3,354.18,0.0,0.0
929,3,41,0,345.9,0.0,0.0
930,3,41,1,345.9,0.0,0.0
931,3,41,2,345.9,0.0,0.0
932,3,41,3,345.9,0.0,0.0
933,3,42,0,336.22,0.0,0.0
934,3,42,1,336.22,0.0,0.0
935,3,42,2,336.22,0.0,0.0
936,3,42,3,336.22,0.0,0.0
937,3,43,0,331.98,0.0,0.0
938,3,43,1,331.98,0.0,0.0
939,3,43,2,331.98,0.0,0.0
940,3,43,3,331.98,0.0,0.0
941,3,44,0,321.71,0.0,0.0
942,3,44,1,321.71,0.0,0.0
943,3,44,2,321.71,0.0,0.0
944,3,44,3,321.71,0.0,0.0
945,3,45,0,300.6,0.0,0.0
946,3,45,1,300.6,0.0,0.0
947,3,45,2,300.6,0.0,0.0
948,3,45,3,300.6,0.0,0.0
949,3,46,0,280.1,0.0,0.0
950,3,46,1,280.1,0.0,0.0
951,3,46,2,280.1,0.0,0.0
952,3,46,3,280.1,0.0,0.0
953,3,47,0,273.55,0.0,0.0
954,3,47,1,273.55,0.0,0.0
955,3,47,2,273.55,0.0,0.0
956,3,47,3,273.55,0.0,0.0
957,3,48,0,278.64,0.0,0.0
958,3,48,1,278.64,0.0,0.0
959,3,48,2,278.64,0.0,0.0
960,3,48,3,278.64,0.0,0.0
961,3,49,0,301.67,0.0,0.0
962,3,49,1,301.67,0.0,0.0
963,3,49,2,301.67,0.0,0.0
964,3,49,3,301.67,0.0,0.0
965,3,50,0,324.97,0.0,0.0
966,3,50,1,324.97,0.0,0.0
967,3,50,2,324.97,0.0,0.0
968,3,50,3,324.97,0.0,0.0
969,3,51,0,328.13,0.0,0.0
970,3,51,1,328.13,0.0,0.0
971,3,51,2,328.13,0.0,0.0
972,3,51,3,328.13,0.0,0.0
973,3,52,0,314.6,0.0,0.0
974,3,52,1,314.6,0.0,0.0
975,3,52,2,314.6,0.0,0.0
976,3,52,3,314.6,0.0,0.0
977,3,53,0,282.03,0.0,0.0
978,3,53,1,282.03,0.0,0.0
979,3,53,2,282.03,0.0,0.0
980,3,53,3,282.03,0.0,0.0
981,3,54,0,250.05,0.0,0.0
982,3,54,1,250.05,0.0,0.0
983,3,54,2,250.05,0.0,0.0
984,3,54,3,250.05,0.0,0.0
985,3,55,0,234.33,0.0,0.0
986,3,55,1,234.33,0.0,0.0
987,3,55,2,234.33,0.0,0.0
988,3,55,3,234.33,0.0,0.0
989,3,56,0,228.15,0.0,0.0
990,3,56,1,228.15,0.0,0.0
991,3,56,2,228.15,0.0,0.0
992,3,56,3,228.15,0.0,0.0
993,3,57,0,228.43,0.0,0.0
994,3,57,1,228.43,0.0,0.0
995,3,57,2,228.43,0.0,0.0
996,3,57,3,228.43,0.0,0.0
997,3,58,0,229.31,0.0,0.0
998,3,58,1,229.31,0.0,0.0
999,3,58,2,229.31,0.0,0.0
1000,3,58,3,229.31,0.0,0.0
1001,3,59,0,231.63,0.0,0.0
1002,3,59,1,231.63,0.0,0.0
1003,3,59,2,231.63,0.0,0.0
1004,3,59,3,231.63,0.0,0.0
1005,3,60,0,239.26,0.0,0.0
1006,3,60,1,239.26,0.0,0.0
1007,3,60,2,239.26,0.0,0.0
1008,3,60,3,239.26,0.0,0.0
1009,3,61,0,247.71,0.0,0.0
1010,3,61,1,247.71,0.0,0.0
1011,3,61,2,247.71,0.0,0.0
1012,3,61,3,247.71,0.0,0.0
1013,3,62,0,256.79,0.0,0.0
1014,3,62,1,256.79,0.0,0.0
1015,3,62,2,256.79,0.0,0.0
1016,3,62,3,256.79,0.0,0.0
1017,3,63,0,274.26,0.0,0.0
1018,3,63,1,274.26,0.0,0.0
1019,3,63,2,274.26,0.0,0.0
1020,3,63,3,274.26,0.0,0.0
1021,3,64,0,303.96,0.0,0.0
1022,3,64,1,303.96,0.0,0.0
1023,3,64,2,303.96,0.0,0.0
1024,3,64,3,303.96,0.0,0.0
1025,3,65,0,351.99,0.0,0.0
1026,3,65,1,351.99,0.0,0.0
1027,3,65,2,351.99,0.0,0.0
1028,3,65,3,351.99,0.0,0.0
1029,3,66,0,401.33,0.0,0.0
1030,3,66,1,401.33,0.0,0.0
1031,3,66,2,401.33,0.0,0.0
1032,3,66,3,401.33,0.0,0.0
1033,3,67,0,433.32,0.0,0.0
1034,3,67,1,433.32,0.0,0.0
1035,3,67,2,433.32,0.0,0.0
1036,3,67,3,433.32,0.0,0.0
1037,3,68,0,452.8,0.0,0.0
1038,3,68,1,452.8,0.0,0.0
1039,3,68,2,452.8,0.0,0.0
1040,3,68,3,452.8,0.0,0.0
1041,3,69,0,477.47,0.0,0.0
1042,3,69,1,477.47,0.0,0.0
1043,3,69,2,477.47,0.0,0.0
1044,3,69,3,477.47,0.0,0.0
1045,3,70,0,500.13,0.0,0.0
1046,3,70,1,500.13,0.0,0.0
1047,3,70,2,500.13,0.0,0.0
1048,3,70,3,500.13,0.0,0.0
1049,3,71,0,488.16,0.0,0.0
1050,3,71,1,488.16,0.0,0.0
1051,3,71,2,488.16,0.0,0.0
1052,3,71,3,488.16,0.0,0.0
1053,3,72,0,432.46,0.0,0.0
1054,3,72,1,432.46,0.0,0.0
1055,3,72,2,432.46,0.0,0.0
1056,3,72,3,432.46,0.0,0.0
1057,3,73,0,319.08,0.0,0.0
1058,3,73,1,319.08,0.0,0.0
1059,3,73,2,319.08,0.0,0.0
1060,3,73,3,319.08,0.0,0.0
1061,3,74,0,214.87,0.0,0.0
1062,3,74,1,214.87,0.0,0.0
1063,3,74,2,214.87,0.0,0.0
1064,3,74,3,214.87,0.0,0.0
1065,3,75,0,174.16,0.0,0.0
1066,3,75,1,174.16,0.0,0.0
1067,3,75,2,174.16,0.0,0.0
1068,3,75,3,174.16,0.0,0.0
1069,3,76,0,170.26,0.0,0.0
1070,3,76,1,170.26,0.0,0.0
1071,3,76,2,170.26,0.0,0.0
1072,3,76,3,170.26,0.0,0.0
1073,3,77,0,203.27,0.0,0.0
1074,3,77,1,203.27,0.0,0.0
1075,3,77,2,203.27,0.0,0.0
1076,3,77,3,203.27,0.0,0.0
1077,3,78,0,239.51,0.0,0.0
1078,3,78,1,239.51,0.0,0.0
1079,3,78,2,239.51,0.0,0.0
1080,3,78,3,239.51,0.0,0.0
1081,3,79,0,260.63,0.0,0.0
1082,3,79,1,260.63,0.0,0.0
1083,3,79,2,260.63,0.0,0.0
1084,3,79,3,260.63,0.0,0.0
1085,3,80,0,283.8,0.0,0.0
1086,3,80,1,283.8,0.0,0.0
1087,3,80,2,283.8,0.0,0.0
1088,3,80,3,283.8,0.0,0.0
1089,3,81,0,316.53,0.0,0.0
1090,3,81,1,316.53,0.0,0.0
1091,3,81,2,316.53,0.0,0.0
1092,3,81,3,316.53,0.0,0.0
1093,3,82,0,349.28,0.0,0.0
1094,3,82,1,349.28,0.0,0.0
1095,3,82,2,349.28,0.0,0.0
1096,3,82,3,349.28,0.0,0.0
1097,3,83,0,365.01,0.0,0.0
1098,3,83,1,365.01,0.0,0.0
1099,3,83,2,365.01,0.0,0.0
1100,3,83,3,365.01,0.0,0.0
1101,3,84,0,363.06,0.0,0.0
1102,3,84,1,363.06,0.0,0.0
1103,3,84,2,363.06,0.0,0.0
1104,3,84,3,363.06,0.0,0.0
1105,3,85,0,348.9,0.0,0.0
1106,3,85,1,348.9,0.0,0.0
1107,3,85,2,348.9,0.0,0.0
1108,3,85,3,348.9,0.0,0.0
1109,3,86,0,333.74,0.0,0.0
1110,3,86,1,333.74,0.0,0.0
1111,3,86,2,333.74,0.0,0.0
1112,3,86,3,333.74,0.0,0.0
1113,3,87,0,316.51,0.0,0.0
1114,3,87,1,316.51,0.0,0.0
1115,3,87,2,316.51,0.0,0.0
1116,3,87,3,316.51,0.0,0.0
1117,3,88,0,289.93,0.0,0.0
1118,3,88,1,289.93,0.0,0.0
1119,3,88,2,289.93,0.0,0.0
1120,3,88,3,289.93,0.0,0.0
1121,3,89,0,249.98,0.0,0.0
1122,3,89,1,249.98,0.0,0.0
1123,3,89,2,249.98,0.0,0.0
1124,3,89,3,249.98,0.0,0.0
1125,3,90,0,211.28,0.0,0.0
1126,3,90,1,211.28,0.0,0.0
1127,3,90,2,211.28,0.0,0.0
1128,3,90,3,211.28,0.0,0.0
1129,3,91,0,187.63,0.0,0.0
1130,3,91,1,187.63,0.0,0.0
1131,3,91,2,187.63,0.0,0.0
1132,3,91,3,187.63,0.0,0.0
1133,3,92,0,174.33,0.0,0.0
1134,3,92,1,174.33,0.0,0.0
1135,3,92,2,174.33,0.0,0.0
1136,3,92,3,174.33,0.0,0.0
1137,3,93,0,170.29,0.0,0.0
1138,3,93,1,170.29,0.0,0.0
1139,3,93,2,170.29,0.0,0.0
1140,3,93,3,170.29,0.0,0.0
1141,3,94,0,166.47,0.0,0.0
1142,3,94,1,166.47,0.0,0.0
1143,3,94,2,166.47,0.0,0.0
1144,3,94,3,166.47,0.0,0.0
1145,3,95,0,158.58,0.0,0.0
1146,3,95,1,158.58,0.0,0.0
1147,3,95,2,158.58,0.0,0.0
1148,3,95,3,158.58,0.0,0.0
1149,3,96,0,150.62,0.0,0.0
1150,3,96,1,150.62,0.0,0.0
1151,3,96,2,150.62,0.0,0.0
1152,3,96,3,150.62,0.0,0.0
