id,plant_id,timestep,discharge,spill,bypass,controlled_inflow,controlled_outflow,volume_res
0,49900,1,0.0,0.0,0.0,0.0,0.0,0.0
1,49900,2,0.0,0.0,0.0,0.0,0.0,0.0
2,49900,3,0.0,0.0,0.0,0.0,0.0,0.0
3,49900,4,0.0,0.0,0.0,0.0,0.0,0.0
4,49900,5,0.0,0.0,0.0,0.0,0.0,0.0
5,49900,6,0.0,0.0,0.0,0.0,0.0,0.0
6,49900,7,6.640000000000214,0.0,0.0,6.640000000000214,6.640000000000214,0.0
7,49900,8,0.0,0.0,0.0,0.0,0.0,0.0
8,49900,9,0.0,0.0,0.0,0.0,0.0,0.0
9,49900,10,0.0,82.78,0.0,82.78,82.78,0.0
10,49900,11,89.410176254414,0.0,0.0,89.410176254414,89.410176254414,0.0
11,49900,12,0.0,0.0,82.78,82.78,82.78,0.0
12,49900,13,0.0,0.0,82.78,82.78,82.78,0.0
13,49900,14,0.0,83.27066334072428,0.0,83.27066334072428,83.27066334072428,0.0
14,49900,15,161.62110669705186,0.0,0.0,161.62110669705186,161.62110669705186,0.0
15,49900,16,143.230976602064,0.0,0.0,143.230976602064,143.230976602064,0.0
16,49900,17,0.0,0.0,187.77661246612467,187.77661246612467,187.77661246612467,0.0
17,49900,18,82.78,0.0,0.0,82.78,82.78,0.0
18,49900,19,0.0,0.0,0.0,0.0,0.0,0.0
19,49900,20,0.0,0.0,82.78,82.78,82.78,0.0
20,49900,21,82.78,0.0,0.0,82.78,82.78,0.0
21,49900,22,0.0,0.0,0.0,0.0,0.0,0.0
22,49900,23,0.0,82.78,0.0,82.78,82.78,0.0
23,49900,24,0.0,0.0,0.0,0.0,0.0,0.0
24,49901,1,0.0,0.0,0.0,0.0,0.0,0.0
25,49901,2,0.0,0.0,0.0,0.0,0.0,0.0
26,49901,3,0.0,0.0,0.0,0.0,0.0,0.0
27,49901,4,0.0,0.0,0.0,0.0,0.0,0.0
28,49901,5,0.0,0.0,0.0,0.0,0.0,0.0
29,49901,6,0.0,0.0,0.0,0.0,0.0,0.0
30,49901,7,0.0,0.0,0.0,0.0,0.0,0.0
31,49901,8,0.0,0.0,0.0,0.0,0.0,0.0
32,49901,9,0.0,0.0,0.0,0.0,0.0,0.0
33,49901,10,0.0,0.0,0.0,0.0,0.0,0.0
34,49901,11,0.0,0.0,0.0,0.0,0.0,0.0
35,49901,12,0.0,0.0,0.0,0.0,0.0,0.0
36,49901,13,0.0,0.0,0.0,0.0,0.0,0.0
37,49901,14,0.0,0.0,0.0,0.0,0.0,0.0
38,49901,15,0.0,0.0,0.0,0.0,0.0,0.0
39,49901,16,0.0,0.0,0.0,0.0,0.0,0.0
40,49901,17,0.0,0.0,0.0,0.0,0.0,0.0
41,49901,18,0.0,0.0,0.0,0.0,0.0,0.0
42,49901,19,0.0,0.0,0.0,0.0,0.0,0.0
43,49901,20,0.0,0.0,0.0,0.0,0.0,0.0
44,49901,21,0.0,0.0,0.0,0.0,0.0,0.0
45,49901,22,0.0,0.0,0.0,0.0,0.0,0.0
46,49901,23,0.0,0.0,0.0,0.0,0.0,0.0
47,49901,24,0.0,0.0,0.0,0.0,0.0,0.0
48,49902,1,0.0,0.0,0.0,0.0,0.0,500.0
49,49902,2,0.0,0.0,0.0,0.0,0.0,500.0
50,49902,3,0.0,0.0,0.0,0.0,0.0,500.0
51,49902,4,0.0,0.0,0.0,0.0,0.0,500.0
52,49902,5,0.0,0.0,0.0,0.0,0.0,500.0
53,49902,6,0.0,0.0,0.0,0.0,0.0,500.0
54,49902,7,0.0,6.640000000000214,0.0,0.0,6.640000000000214,493.3599999999998
55,49902,8,0.0,0.0,0.0,0.0,0.0,493.3599999999998
56,49902,9,0.0,0.0,0.0,0.0,0.0,493.3599999999998
57,49902,10,0.0,82.78,0.0,0.0,82.78,410.5799999999998
58,49902,11,0.0,82.78,0.0,75.0,82.78,402.79999999999984
59,49902,12,0.0,82.78,0.0,50.0,82.78,370.01999999999987
60,49902,13,0.0,82.78,0.0,75.0,82.78,362.2399999999999
61,49902,14,0.0,82.78,0.0,75.0,82.78,354.4599999999999
62,49902,15,0.0,82.78,0.0,75.0,82.78,346.67999999999995
63,49902,16,0.0,82.78,0.0,75.0,82.78,338.9
64,49902,17,0.0,82.78,0.0,75.0,82.78,331.12
65,49902,18,0.0,82.78,0.0,0.0,82.78,248.34
66,49902,19,0.0,0.0,0.0,0.0,0.0,248.34
67,49902,20,0.0,82.78,0.0,0.0,82.78,165.56
68,49902,21,0.0,82.78,0.0,0.0,82.78,82.78
69,49902,22,0.0,0.0,0.0,0.0,0.0,82.78
70,49902,23,0.0,82.78,0.0,0.0,82.78,0.0
71,49902,24,0.0,0.0,0.0,0.0,0.0,0.0
72,49903,1,0.0,0.0,0.0,0.0,0.0,0.0
73,49903,2,0.0,0.0,0.0,0.0,0.0,0.0
74,49903,3,0.0,0.0,0.0,0.0,0.0,0.0
75,49903,4,0.0,0.0,0.0,0.0,0.0,0.0
76,49903,5,0.0,0.0,0.0,0.0,0.0,0.0
77,49903,6,0.0,0.0,0.0,0.0,0.0,0.0
78,49903,7,0.0,0.0,0.0,0.0,0.0,0.0
79,49903,8,0.0,0.0,0.0,0.0,0.0,0.0
80,49903,9,0.0,0.0,0.0,0.0,0.0,0.0
81,49903,10,0.0,0.0,0.0,0.0,0.0,0.0
82,49903,11,75.0,0.0,0.0,75.0,75.0,0.0
83,49903,12,50.0,0.0,0.0,50.0,50.0,0.0
84,49903,13,75.0,0.0,0.0,75.0,75.0,0.0
85,49903,14,75.0,0.0,0.0,75.0,75.0,0.0
86,49903,15,75.0,0.0,0.0,75.0,75.0,0.0
87,49903,16,75.0,0.0,0.0,75.0,75.0,0.0
88,49903,17,75.0,0.0,0.0,75.0,75.0,0.0
89,49903,18,0.0,0.0,0.0,0.0,0.0,0.0
90,49903,19,0.0,0.0,0.0,0.0,0.0,0.0
91,49903,20,0.0,0.0,0.0,0.0,0.0,0.0
92,49903,21,0.0,0.0,0.0,0.0,0.0,0.0
93,49903,22,0.0,0.0,0.0,0.0,0.0,0.0
94,49903,23,0.0,0.0,0.0,0.0,0.0,0.0
95,49903,24,0.0,0.0,0.0,0.0,0.0,0.0
96,49904,1,0.0,0.0,0.0,0.0,0.0,0.0
97,49904,2,0.0,0.0,0.0,0.0,0.0,0.0
98,49904,3,0.0,0.0,0.0,0.0,0.0,0.0
99,49904,4,0.0,0.0,0.0,0.0,0.0,0.0
100,49904,5,0.0,0.0,0.0,0.0,0.0,0.0
101,49904,6,0.0,0.0,0.0,0.0,0.0,0.0
102,49904,7,0.0,0.0,0.0,0.0,0.0,0.0
103,49904,8,0.0,0.0,0.0,0.0,0.0,0.0
104,49904,9,0.0,0.0,0.0,0.0,0.0,0.0
105,49904,10,0.0,0.0,0.0,0.0,0.0,0.0
106,49904,11,0.0,0.0,0.0,0.0,0.0,0.0
107,49904,12,0.0,0.0,0.0,0.0,0.0,0.0
108,49904,13,0.0,0.0,0.0,0.0,0.0,0.0
109,49904,14,0.0,0.0,0.0,0.0,0.0,0.0
110,49904,15,0.0,0.0,0.0,0.0,0.0,0.0
111,49904,16,0.0,0.0,0.0,0.0,0.0,0.0
112,49904,17,0.0,0.0,0.0,0.0,0.0,0.0
113,49904,18,0.0,0.0,0.0,0.0,0.0,0.0
114,49904,19,0.0,0.0,0.0,0.0,0.0,0.0
115,49904,20,0.0,0.0,0.0,0.0,0.0,0.0
116,49904,21,0.0,0.0,0.0,0.0,0.0,0.0
117,49904,22,0.0,0.0,0.0,0.0,0.0,0.0
118,49904,23,0.0,0.0,0.0,0.0,0.0,0.0
119,49904,24,0.0,0.0,0.0,0.0,0.0,0.0
120,49905,1,0.0,0.0,0.0,0.0,0.0,500.0
121,49905,2,0.0,0.0,0.0,0.0,0.0,500.0
122,49905,3,0.0,0.0,0.0,0.0,0.0,500.0
123,49905,4,0.0,0.0,0.0,0.0,0.0,500.0
124,49905,5,0.0,0.0,0.0,0.0,0.0,500.0
125,49905,6,0.0,0.0,0.0,0.0,0.0,500.0
126,49905,7,0.0,0.0,0.0,0.0,0.0,500.0
127,49905,8,0.0,0.0,0.0,0.0,0.0,500.0
128,49905,9,0.0,0.0,0.0,0.0,0.0,500.0
129,49905,10,0.0,0.0,0.0,0.0,0.0,500.0
130,49905,11,75.0,0.0,0.0,0.0,75.0,425.0
131,49905,12,50.0,0.0,0.0,0.0,50.0,375.0
132,49905,13,75.0,0.0,0.0,0.0,75.0,300.0
133,49905,14,75.0,0.0,0.0,0.0,75.0,225.0
134,49905,15,75.0,0.0,0.0,0.0,75.0,150.0
135,49905,16,75.0,0.0,0.0,0.0,75.0,75.0
136,49905,17,75.0,0.0,0.0,0.0,75.0,0.0
137,49905,18,0.0,0.0,0.0,0.0,0.0,0.0
138,49905,19,0.0,0.0,0.0,0.0,0.0,0.0
139,49905,20,0.0,0.0,0.0,0.0,0.0,0.0
140,49905,21,0.0,0.0,0.0,0.0,0.0,0.0
141,49905,22,0.0,0.0,0.0,0.0,0.0,0.0
142,49905,23,0.0,0.0,0.0,0.0,0.0,0.0
143,49905,24,0.0,0.0,0.0,0.0,0.0,0.0
144,49906,1,0.0,0.0,0.0,0.0,0.0,174725.0
145,49906,2,0.0,0.0,0.0,0.0,0.0,174725.0
146,49906,3,0.0,0.0,0.0,0.0,0.0,174725.0
147,49906,4,0.0,0.0,0.0,0.0,0.0,174725.0
148,49906,5,0.0,0.0,0.0,0.0,0.0,174725.0
149,49906,6,0.0,0.0,0.0,0.0,0.0,174725.0
150,49906,7,0.0,0.0,0.0,0.0,0.0,174725.0
151,49906,8,0.0,0.0,0.0,93.2468302068302,0.0,174818.24683020683
152,49906,9,0.0,0.0,0.0,0.0,0.0,174818.24683020683
153,49906,10,0.0,0.0,0.0,80.2068302068302,0.0,174898.45366041365
154,49906,11,6.630176254413993,0.0,0.0,93.2468302068302,6.630176254413993,174985.07031436608
155,49906,12,0.0,0.0,0.0,80.2068302068302,0.0,175065.2771445729
156,49906,13,0.0,0.0,0.0,93.2468302068302,0.0,175158.52397477973
157,49906,14,0.4906633407242831,0.0,0.0,0.0,0.4906633407242831,175158.033311439
158,49906,15,78.84110669705187,0.0,0.0,9443.246830206832,78.84110669705187,184522.4390349488
159,49906,16,60.45097660206399,0.0,0.0,93.2468302068302,60.45097660206399,184555.23488855356
160,49906,17,104.99661246612466,0.0,0.0,11.327193821364332,104.99661246612466,184461.5654699088
161,49906,18,0.0,0.0,0.0,93.2468302068302,0.0,184554.81230011562
162,49906,19,0.0,0.0,0.0,80.2068302068302,0.0,184635.01913032244
163,49906,20,0.0,0.0,0.0,80.2068302068302,0.0,184715.22596052926
164,49906,21,0.0,0.0,0.0,0.0,0.0,184715.22596052926
165,49906,22,0.0,0.0,0.0,13.04,0.0,184728.26596052927
166,49906,23,0.0,0.0,0.0,80.2068302068302,0.0,184808.4727907361
167,49906,24,0.0,0.0,0.0,0.0,0.0,184808.4727907361
168,49907,1,0.0,0.0,0.0,0.0,0.0,0.0
169,49907,2,0.0,0.0,0.0,0.0,0.0,0.0
170,49907,3,0.0,0.0,0.0,0.0,0.0,0.0
171,49907,4,0.0,0.0,0.0,0.0,0.0,0.0
172,49907,5,0.0,0.0,0.0,0.0,0.0,0.0
173,49907,6,0.0,0.0,0.0,0.0,0.0,0.0
174,49907,7,6.640000000000214,0.0,0.0,6.640000000000214,6.640000000000214,0.0
175,49907,8,0.0,0.0,0.0,0.0,0.0,0.0
176,49907,9,0.0,0.0,0.0,0.0,0.0,0.0
177,49907,10,82.78,0.0,0.0,82.78,82.78,0.0
178,49907,11,82.78,0.0,0.0,82.78,82.78,0.0
179,49907,12,82.78,0.0,0.0,82.78,82.78,0.0
180,49907,13,82.78,0.0,0.0,82.78,82.78,0.0
181,49907,14,82.78,0.0,0.0,82.78,82.78,0.0
182,49907,15,82.78,0.0,0.0,82.78,82.78,0.0
183,49907,16,82.78,0.0,0.0,82.78,82.78,0.0
184,49907,17,82.78,0.0,0.0,82.78,82.78,0.0
185,49907,18,82.78,0.0,0.0,82.78,82.78,0.0
186,49907,19,0.0,0.0,0.0,0.0,0.0,0.0
187,49907,20,82.78,0.0,0.0,82.78,82.78,0.0
188,49907,21,82.78,0.0,0.0,82.78,82.78,0.0
189,49907,22,0.0,0.0,0.0,0.0,0.0,0.0
190,49907,23,82.78,0.0,0.0,82.78,82.78,0.0
191,49907,24,0.0,0.0,0.0,0.0,0.0,0.0
192,49908,1,0.0,0.0,0.0,0.0,0.0,9350.0
193,49908,2,0.0,0.0,0.0,0.0,0.0,9350.0
194,49908,3,0.0,0.0,0.0,0.0,0.0,9350.0
195,49908,4,0.0,0.0,0.0,0.0,0.0,9350.0
196,49908,5,0.0,0.0,0.0,0.0,0.0,9350.0
197,49908,6,0.0,0.0,0.0,0.0,0.0,9350.0
198,49908,7,0.0,0.0,0.0,0.0,0.0,9350.0
199,49908,8,0.0,0.0,0.0,0.0,0.0,9350.0
200,49908,9,0.0,0.0,0.0,0.0,0.0,9350.0
201,49908,10,0.0,0.0,0.0,0.0,0.0,9350.0
202,49908,11,0.0,0.0,0.0,0.0,0.0,9350.0
203,49908,12,0.0,0.0,0.0,0.0,0.0,9350.0
204,49908,13,0.0,0.0,0.0,0.0,0.0,9350.0
205,49908,14,0.0,0.0,0.0,0.0,0.0,9350.0
206,49908,15,10.0,9340.0,0.0,0.0,9350.0,0.0
207,49908,16,0.0,0.0,0.0,0.0,0.0,0.0
208,49908,17,0.0,0.0,0.0,0.0,0.0,0.0
209,49908,18,0.0,0.0,0.0,0.0,0.0,0.0
210,49908,19,0.0,0.0,0.0,0.0,0.0,0.0
211,49908,20,0.0,0.0,0.0,0.0,0.0,0.0
212,49908,21,0.0,0.0,0.0,0.0,0.0,0.0
213,49908,22,0.0,0.0,0.0,0.0,0.0,0.0
214,49908,23,0.0,0.0,0.0,0.0,0.0,0.0
215,49908,24,0.0,0.0,0.0,0.0,0.0,0.0
216,49911,1,0.0,0.0,0.0,0.0,0.0,18500.0
217,49911,2,0.0,0.0,0.0,0.0,0.0,18500.0
218,49911,3,0.0,0.0,0.0,-3.183231456205249e-12,0.0,18499.999999999996
219,49911,4,0.0,0.0,0.0,0.0,0.0,18499.999999999996
220,49911,5,0.0,0.0,0.0,0.0,0.0,18499.999999999996
221,49911,6,0.0,0.0,0.0,0.0,0.0,18499.999999999996
222,49911,7,0.0,0.0,0.0,8.0,0.0,18507.999999999996
223,49911,8,13.04,0.0,0.0,3008.000000000003,13.04,21502.96
224,49911,9,0.0,0.0,0.0,0.0,0.0,21502.96
225,49911,10,0.0,0.0,0.0,8.0,0.0,21510.96
226,49911,11,13.04,0.0,0.0,8.0,13.04,21505.92
227,49911,12,0.0,0.0,0.0,8.0,0.0,21513.92
228,49911,13,13.04,0.0,0.0,8.0,13.04,21508.879999999997
229,49911,14,0.0,0.0,0.0,8.0,0.0,21516.879999999997
230,49911,15,13.04,0.0,0.0,8.0,13.04,21511.839999999997
231,49911,16,13.04,0.0,0.0,8.0,13.04,21506.799999999996
232,49911,17,11.327193821364332,0.0,0.0,8.0,11.327193821364332,21503.47280617863
233,49911,18,13.04,0.0,0.0,8.0,13.04,21498.43280617863
234,49911,19,0.0,0.0,0.0,8.0,0.0,21506.43280617863
235,49911,20,0.0,0.0,0.0,8.0,0.0,21514.43280617863
236,49911,21,0.0,0.0,0.0,8.0,0.0,21522.43280617863
237,49911,22,13.04,0.0,0.0,8.0,13.04,21517.39280617863
238,49911,23,0.0,0.0,0.0,8.0,0.0,21525.39280617863
239,49911,24,0.0,0.0,0.0,0.0,0.0,21525.39280617863
240,49912,1,0.0,0.0,0.0,0.0,0.0,32500.0
241,49912,2,0.0,0.0,0.0,0.0,0.0,32500.0
242,49912,3,0.0,0.0,0.0,0.0,0.0,32500.0
243,49912,4,0.0,0.0,0.0,0.0,0.0,32500.0
244,49912,5,0.0,0.0,0.0,0.0,0.0,32500.0
245,49912,6,0.0,0.0,0.0,0.0,0.0,32500.0
246,49912,7,8.0,0.0,0.0,0.0,8.0,32492.0
247,49912,8,8.0,0.0,0.0,0.0,8.0,32484.0
248,49912,9,0.0,0.0,0.0,0.0,0.0,32484.0
249,49912,10,8.0,0.0,0.0,0.0,8.0,32476.0
250,49912,11,8.0,0.0,0.0,0.0,8.0,32468.0
251,49912,12,8.0,0.0,0.0,0.0,8.0,32460.0
252,49912,13,8.0,0.0,0.0,0.0,8.0,32452.0
253,49912,14,8.0,0.0,0.0,0.0,8.0,32444.0
254,49912,15,8.0,0.0,0.0,0.0,8.0,32436.0
255,49912,16,8.0,0.0,0.0,0.0,8.0,32428.0
256,49912,17,8.0,0.0,0.0,0.0,8.0,32420.0
257,49912,18,8.0,0.0,0.0,0.0,8.0,32412.0
258,49912,19,8.0,0.0,0.0,0.0,8.0,32404.0
259,49912,20,8.0,0.0,0.0,0.0,8.0,32396.0
260,49912,21,8.0,0.0,0.0,0.0,8.0,32388.0
261,49912,22,8.0,0.0,0.0,0.0,8.0,32380.0
262,49912,23,8.0,0.0,0.0,0.0,8.0,32372.0
263,49912,24,0.0,0.0,0.0,0.0,0.0,32372.0
264,49913,1,0.0,0.0,0.0,0.0,0.0,0.0
265,49913,2,0.0,0.0,0.0,0.0,0.0,0.0
266,49913,3,0.0,0.0,0.0,0.0,0.0,0.0
267,49913,4,0.0,0.0,0.0,0.0,0.0,0.0
268,49913,5,0.0,0.0,0.0,0.0,0.0,0.0
269,49913,6,0.0,0.0,0.0,0.0,0.0,0.0
270,49913,7,0.0,0.0,0.0,0.0,0.0,0.0
271,49913,8,0.0,0.0,0.0,0.0,0.0,0.0
272,49913,9,0.0,0.0,0.0,0.0,0.0,0.0
273,49913,10,0.0,0.0,0.0,0.0,0.0,0.0
274,49913,11,0.0,0.0,0.0,0.0,0.0,0.0
275,49913,12,0.0,0.0,0.0,0.0,0.0,0.0
276,49913,13,0.0,0.0,0.0,0.0,0.0,0.0
277,49913,14,0.0,0.0,0.0,0.0,0.0,0.0
278,49913,15,0.0,0.0,0.0,0.0,0.0,0.0
279,49913,16,0.0,0.0,0.0,0.0,0.0,0.0
280,49913,17,0.0,0.0,0.0,0.0,0.0,0.0
281,49913,18,0.0,0.0,0.0,0.0,0.0,0.0
282,49913,19,0.0,0.0,0.0,0.0,0.0,0.0
283,49913,20,0.0,0.0,0.0,0.0,0.0,0.0
284,49913,21,0.0,0.0,0.0,0.0,0.0,0.0
285,49913,22,0.0,0.0,0.0,0.0,0.0,0.0
286,49913,23,0.0,0.0,0.0,0.0,0.0,0.0
287,49913,24,0.0,0.0,0.0,0.0,0.0,0.0
288,49914,1,0.0,0.0,0.0,0.0,0.0,0.0
289,49914,2,0.0,0.0,0.0,0.0,0.0,0.0
290,49914,3,0.0,0.0,0.0,0.0,0.0,0.0
291,49914,4,0.0,0.0,0.0,0.0,0.0,0.0
292,49914,5,0.0,0.0,0.0,0.0,0.0,0.0
293,49914,6,0.0,0.0,0.0,0.0,0.0,0.0
294,49914,7,0.0,0.0,0.0,0.0,0.0,0.0
295,49914,8,0.0,0.0,0.0,0.0,0.0,0.0
296,49914,9,0.0,0.0,0.0,0.0,0.0,0.0
297,49914,10,0.0,0.0,0.0,0.0,0.0,0.0
298,49914,11,0.0,0.0,0.0,0.0,0.0,0.0
299,49914,12,0.0,0.0,0.0,0.0,0.0,0.0
300,49914,13,0.0,0.0,0.0,0.0,0.0,0.0
301,49914,14,0.0,0.0,0.0,0.0,0.0,0.0
302,49914,15,0.0,0.0,0.0,0.0,0.0,0.0
303,49914,16,0.0,0.0,0.0,0.0,0.0,0.0
304,49914,17,0.0,0.0,0.0,0.0,0.0,0.0
305,49914,18,0.0,0.0,0.0,0.0,0.0,0.0
306,49914,19,0.0,0.0,0.0,0.0,0.0,0.0
307,49914,20,0.0,0.0,0.0,0.0,0.0,0.0
308,49914,21,0.0,0.0,0.0,0.0,0.0,0.0
309,49914,22,0.0,0.0,0.0,0.0,0.0,0.0
310,49914,23,0.0,0.0,0.0,0.0,0.0,0.0
311,49914,24,0.0,0.0,0.0,0.0,0.0,0.0
312,49915,1,0.0,0.0,0.0,0.0,0.0,3000.0
313,49915,2,0.0,0.0,0.0,0.0,0.0,3000.0
314,49915,3,-3.183231456205249e-12,0.0,0.0,0.0,-3.183231456205249e-12,3000.000000000003
315,49915,4,0.0,0.0,0.0,0.0,0.0,3000.000000000003
316,49915,5,0.0,0.0,0.0,0.0,0.0,3000.000000000003
317,49915,6,0.0,0.0,0.0,0.0,0.0,3000.000000000003
318,49915,7,0.0,0.0,0.0,0.0,0.0,3000.000000000003
319,49915,8,13.0,2987.000000000003,0.0,0.0,3000.000000000003,0.0
320,49915,9,0.0,0.0,0.0,0.0,0.0,0.0
321,49915,10,0.0,0.0,0.0,0.0,0.0,0.0
322,49915,11,0.0,0.0,0.0,0.0,0.0,0.0
323,49915,12,0.0,0.0,0.0,0.0,0.0,0.0
324,49915,13,0.0,0.0,0.0,0.0,0.0,0.0
325,49915,14,0.0,0.0,0.0,0.0,0.0,0.0
326,49915,15,0.0,0.0,0.0,0.0,0.0,0.0
327,49915,16,0.0,0.0,0.0,0.0,0.0,0.0
328,49915,17,0.0,0.0,0.0,0.0,0.0,0.0
329,49915,18,0.0,0.0,0.0,0.0,0.0,0.0
330,49915,19,0.0,0.0,0.0,0.0,0.0,0.0
331,49915,20,0.0,0.0,0.0,0.0,0.0,0.0
332,49915,21,0.0,0.0,0.0,0.0,0.0,0.0
333,49915,22,0.0,0.0,0.0,0.0,0.0,0.0
334,49915,23,0.0,0.0,0.0,0.0,0.0,0.0
335,49915,24,0.0,0.0,0.0,0.0,0.0,0.0
336,49920,1,0.0,0.0,0.0,0.0,0.0,2000.0
337,49920,2,0.0,0.0,0.0,0.0,0.0,2000.0
338,49920,3,0.0,0.0,0.0,0.0,0.0,2000.0
339,49920,4,0.0,0.0,0.0,0.0,0.0,2000.0
340,49920,5,0.0,0.0,0.0,0.0,0.0,2000.0
341,49920,6,0.0,0.0,0.0,0.0,0.0,2000.0
342,49920,7,0.0,0.0,0.0,0.0,0.0,2000.0
343,49920,8,80.2068302068302,0.0,0.0,0.0,80.2068302068302,1919.79316979317
344,49920,9,0.0,0.0,0.0,0.0,0.0,1919.79316979317
345,49920,10,80.2068302068302,0.0,0.0,102.12,80.2068302068302,1941.7063395863397
346,49920,11,80.2068302068302,0.0,0.0,102.12,80.2068302068302,1963.6195093795095
347,49920,12,80.2068302068302,0.0,0.0,102.12,80.2068302068302,1985.5326791726793
348,49920,13,80.2068302068302,0.0,0.0,102.12,80.2068302068302,2007.445848965849
349,49920,14,0.0,0.0,0.0,102.12,0.0,2109.565848965849
350,49920,15,80.2068302068302,0.0,0.0,102.12,80.2068302068302,2131.479018759019
351,49920,16,80.2068302068302,0.0,0.0,102.12,80.2068302068302,2153.3921885521886
352,49920,17,0.0,0.0,0.0,102.12,0.0,2255.5121885521885
353,49920,18,80.2068302068302,0.0,0.0,102.12,80.2068302068302,2277.4253583453583
354,49920,19,80.2068302068302,0.0,0.0,0.0,80.2068302068302,2197.218528138528
355,49920,20,80.2068302068302,0.0,0.0,102.12,80.2068302068302,2219.131697931698
356,49920,21,0.0,0.0,0.0,102.12,0.0,2321.251697931698
357,49920,22,0.0,0.0,0.0,0.0,0.0,2321.251697931698
358,49920,23,80.2068302068302,0.0,0.0,0.0,80.2068302068302,2241.044867724868
359,49920,24,0.0,0.0,0.0,0.0,0.0,2241.044867724868
360,49921,1,0.0,0.0,0.0,0.0,0.0,0.0
361,49921,2,0.0,0.0,0.0,0.0,0.0,0.0
362,49921,3,0.0,0.0,0.0,0.0,0.0,0.0
363,49921,4,0.0,0.0,0.0,0.0,0.0,0.0
364,49921,5,0.0,0.0,0.0,0.0,0.0,0.0
365,49921,6,0.0,0.0,0.0,0.0,0.0,0.0
366,49921,7,0.0,0.0,0.0,0.0,0.0,0.0
367,49921,8,0.0,0.0,0.0,0.0,0.0,0.0
368,49921,9,0.0,0.0,0.0,0.0,0.0,0.0
369,49921,10,0.0,0.0,0.0,0.0,0.0,0.0
370,49921,11,0.0,0.0,0.0,0.0,0.0,0.0
371,49921,12,0.0,0.0,0.0,0.0,0.0,0.0
372,49921,13,0.0,0.0,0.0,0.0,0.0,0.0
373,49921,14,0.0,0.0,0.0,0.0,0.0,0.0
374,49921,15,0.0,0.0,0.0,0.0,0.0,0.0
375,49921,16,0.0,0.0,0.0,0.0,0.0,0.0
376,49921,17,0.0,0.0,0.0,0.0,0.0,0.0
377,49921,18,0.0,0.0,0.0,0.0,0.0,0.0
378,49921,19,0.0,0.0,0.0,0.0,0.0,0.0
379,49921,20,0.0,0.0,0.0,0.0,0.0,0.0
380,49921,21,0.0,0.0,0.0,0.0,0.0,0.0
381,49921,22,0.0,0.0,0.0,0.0,0.0,0.0
382,49921,23,0.0,0.0,0.0,0.0,0.0,0.0
383,49921,24,0.0,0.0,0.0,0.0,0.0,0.0
384,49922,1,0.0,0.0,0.0,0.0,0.0,500.0
385,49922,2,0.0,0.0,0.0,0.0,0.0,500.0
386,49922,3,0.0,0.0,0.0,0.0,0.0,500.0
387,49922,4,0.0,0.0,0.0,0.0,0.0,500.0
388,49922,5,0.0,0.0,0.0,0.0,0.0,500.0
389,49922,6,0.0,0.0,0.0,0.0,0.0,500.0
390,49922,7,0.0,0.0,0.0,12.828790182739795,0.0,512.8287901827398
391,49922,8,0.0,0.0,0.0,16.53012404961987,0.0,529.3589142323597
392,49922,9,0.0,0.0,0.0,24.17753768173941,0.0,553.5364519140991
393,49922,10,102.12,0.0,0.0,67.99565663976023,102.12,519.4121085538593
394,49922,11,102.12,0.0,0.0,78.37893939393939,102.12,495.6710479477987
395,49922,12,102.12,0.0,0.0,46.62926496524534,102.12,440.180312913044
396,49922,13,102.12,0.0,0.0,73.9248422668731,102.12,411.9851551799171
397,49922,14,102.12,0.0,0.0,78.37893939393939,102.12,388.2440945738565
398,49922,15,102.12,0.0,0.0,78.37893939393939,102.12,364.5030339677959
399,49922,16,102.12,0.0,0.0,78.37893939393939,102.12,340.7619733617353
400,49922,17,102.12,0.0,0.0,78.37893939393939,102.12,317.02091275567466
401,49922,18,102.12,0.0,0.0,73.83071877235744,102.12,288.7316315280321
402,49922,19,0.0,0.0,0.0,34.62867421042489,0.0,323.360305738457
403,49922,20,102.12,0.0,0.0,22.885123200795476,102.12,244.12542893925246
404,49922,21,102.12,0.0,0.0,59.005807474504934,102.12,201.0112364137574
405,49922,22,0.0,0.0,0.0,42.48307571513453,0.0,243.49431212889192
406,49922,23,0.0,0.0,0.0,48.66154686790543,0.0,292.15585899679735
407,49922,24,0.0,0.0,0.0,0.0,0.0,292.15585899679735
408,49923,1,0.0,0.0,0.0,0.0,0.0,0.0
409,49923,2,0.0,0.0,0.0,0.0,0.0,0.0
410,49923,3,0.0,0.0,0.0,0.0,0.0,0.0
411,49923,4,0.0,0.0,0.0,0.0,0.0,0.0
412,49923,5,0.0,0.0,0.0,0.0,0.0,0.0
413,49923,6,0.0,0.0,0.0,0.0,0.0,0.0
414,49923,7,10.06,0.0,0.0,10.06,10.06,0.0
415,49923,8,10.06,0.0,0.0,10.06,10.06,0.0
416,49923,9,0.0,0.0,0.0,0.0,0.0,0.0
417,49923,10,20.018939393939394,0.0,0.0,20.018939393939394,20.018939393939394,0.0
418,49923,11,20.018939393939394,0.0,0.0,20.018939393939394,20.018939393939394,0.0
419,49923,12,20.018939393939394,0.0,0.0,20.018939393939394,20.018939393939394,0.0
420,49923,13,20.018939393939394,0.0,0.0,20.018939393939394,20.018939393939394,0.0
421,49923,14,20.018939393939394,0.0,0.0,20.018939393939394,20.018939393939394,0.0
422,49923,15,20.018939393939394,0.0,0.0,20.018939393939394,20.018939393939394,0.0
423,49923,16,20.018939393939394,0.0,0.0,20.018939393939394,20.018939393939394,0.0
424,49923,17,20.018939393939394,0.0,0.0,20.018939393939394,20.018939393939394,0.0
425,49923,18,20.018939393939394,0.0,0.0,20.018939393939394,20.018939393939394,0.0
426,49923,19,20.018939393939394,0.0,0.0,20.018939393939394,20.018939393939394,0.0
427,49923,20,20.018939393939394,0.0,0.0,20.018939393939394,20.018939393939394,0.0
428,49923,21,20.018939393939394,0.0,0.0,20.018939393939394,20.018939393939394,0.0
429,49923,22,20.018939393939394,0.0,0.0,20.018939393939394,20.018939393939394,0.0
430,49923,23,10.06,0.0,0.0,10.06,10.06,0.0
431,49923,24,0.0,0.0,0.0,0.0,0.0,0.0
432,49924,1,0.0,0.0,0.0,0.0,0.0,18650.0
433,49924,2,0.0,0.0,0.0,0.0,0.0,18650.0
434,49924,3,0.0,0.0,0.0,0.0,0.0,18650.0
435,49924,4,0.0,0.0,0.0,0.0,0.0,18650.0
436,49924,5,0.0,0.0,0.0,0.0,0.0,18650.0
437,49924,6,0.0,0.0,0.0,0.0,0.0,18650.0
438,49924,7,2.768790182739746,0.0,0.0,93.37,2.768790182739746,18740.601209817258
439,49924,8,6.470124049619862,0.0,0.0,93.37,6.470124049619862,18827.501085767635
440,49924,9,24.177537681739377,0.0,0.0,0.0,24.177537681739377,18803.323548085897
441,49924,10,47.97671724582088,0.0,0.0,93.37,47.97671724582088,18848.716830840076
442,49924,11,58.36,0.0,0.0,93.37,58.36,18883.726830840074
443,49924,12,26.610325571305932,0.0,0.0,93.37,26.610325571305932,18950.486505268767
444,49924,13,53.90590287293368,0.0,0.0,93.37,53.90590287293368,18989.95060239583
445,49924,14,58.36,0.0,0.0,0.0,58.36,18931.59060239583
446,49924,15,58.36,0.0,0.0,93.37,58.36,18966.60060239583
447,49924,16,58.36,0.0,0.0,93.37,58.36,19001.610602395827
448,49924,17,58.36,0.0,0.0,93.37,58.36,19036.620602395826
449,49924,18,53.81177937841805,0.0,0.0,93.37,53.81177937841805,19076.178823017406
450,49924,19,14.609734816485528,0.0,0.0,93.37,14.609734816485528,19154.93908820092
451,49924,20,2.866183806856086,0.0,0.0,93.37,2.866183806856086,19245.442904394065
452,49924,21,38.98686808056553,0.0,0.0,0.0,38.98686808056553,19206.4560363135
453,49924,22,22.464136321195134,0.0,0.0,93.37,22.464136321195134,19277.361899992302
454,49924,23,38.60154686790545,0.0,0.0,93.37,38.60154686790545,19332.130353124394
455,49924,24,0.0,0.0,0.0,0.0,0.0,19332.130353124394
456,49925,1,0.0,0.0,0.0,0.0,0.0,291000.0
457,49925,2,0.0,0.0,0.0,0.0,0.0,291000.0
458,49925,3,0.0,0.0,0.0,0.0,0.0,291000.0
459,49925,4,0.0,0.0,0.0,0.0,0.0,291000.0
460,49925,5,0.0,0.0,0.0,0.0,0.0,291000.0
461,49925,6,0.0,0.0,0.0,0.0,0.0,291000.0
462,49925,7,93.37,0.0,0.0,30.06,93.37,290936.69
463,49925,8,93.37,0.0,0.0,30.06,93.37,290873.38
464,49925,9,0.0,0.0,0.0,0.0,0.0,290873.38
465,49925,10,93.37,0.0,0.0,30.06,93.37,290810.07
466,49925,11,93.37,0.0,0.0,30.06,93.37,290746.76
467,49925,12,93.37,0.0,0.0,30.06,93.37,290683.45
468,49925,13,93.37,0.0,0.0,30.06,93.37,290620.14
469,49925,14,0.0,0.0,0.0,30.06,0.0,290650.2
470,49925,15,93.37,0.0,0.0,30.06,93.37,290586.89
471,49925,16,93.37,0.0,0.0,30.06,93.37,290523.58
472,49925,17,93.37,0.0,0.0,30.06,93.37,290460.27
473,49925,18,93.37,0.0,0.0,30.06,93.37,290396.96
474,49925,19,93.37,0.0,0.0,30.06,93.37,290333.65
475,49925,20,93.37,0.0,0.0,30.06,93.37,290270.34
476,49925,21,0.0,0.0,0.0,30.06,0.0,290300.4
477,49925,22,93.37,0.0,0.0,30.06,93.37,290237.09
478,49925,23,93.37,0.0,0.0,30.06,93.37,290173.78
479,49925,24,0.0,0.0,0.0,0.0,0.0,290173.78
480,49927,1,0.0,0.0,0.0,0.0,0.0,93500.0
481,49927,2,0.0,0.0,0.0,0.0,0.0,93500.0
482,49927,3,0.0,0.0,0.0,0.0,0.0,93500.0
483,49927,4,0.0,0.0,0.0,0.0,0.0,93500.0
484,49927,5,0.0,0.0,0.0,0.0,0.0,93500.0
485,49927,6,0.0,0.0,0.0,0.0,0.0,93500.0
486,49927,7,30.06,0.0,0.0,0.0,30.06,93469.94
487,49927,8,30.06,0.0,0.0,0.0,30.06,93439.88
488,49927,9,0.0,0.0,0.0,0.0,0.0,93439.88
489,49927,10,30.06,0.0,0.0,0.0,30.06,93409.82
490,49927,11,30.06,0.0,0.0,0.0,30.06,93379.76000000001
491,49927,12,30.06,0.0,0.0,0.0,30.06,93349.70000000001
492,49927,13,30.06,0.0,0.0,0.0,30.06,93319.64000000001
493,49927,14,30.06,0.0,0.0,0.0,30.06,93289.58000000002
494,49927,15,30.06,0.0,0.0,0.0,30.06,93259.52000000002
495,49927,16,30.06,0.0,0.0,0.0,30.06,93229.46000000002
496,49927,17,30.06,0.0,0.0,0.0,30.06,93199.40000000002
497,49927,18,30.06,0.0,0.0,0.0,30.06,93169.34000000003
498,49927,19,30.06,0.0,0.0,0.0,30.06,93139.28000000003
499,49927,20,30.06,0.0,0.0,0.0,30.06,93109.22000000003
500,49927,21,30.06,0.0,0.0,0.0,30.06,93079.16000000003
501,49927,22,30.06,0.0,0.0,0.0,30.06,93049.10000000003
502,49927,23,30.06,0.0,0.0,0.0,30.06,93019.04000000004
503,49927,24,0.0,0.0,0.0,0.0,0.0,93019.04000000004
504,49928,1,0.0,0.0,0.0,0.0,0.0,0.0
505,49928,2,0.0,0.0,0.0,0.0,0.0,0.0
506,49928,3,0.0,0.0,0.0,0.0,0.0,0.0
507,49928,4,0.0,0.0,0.0,0.0,0.0,0.0
508,49928,5,0.0,0.0,0.0,0.0,0.0,0.0
509,49928,6,0.0,0.0,0.0,0.0,0.0,0.0
510,49928,7,10.06,0.0,0.0,10.06,10.06,0.0
511,49928,8,10.06,0.0,0.0,10.06,10.06,0.0
512,49928,9,0.0,0.0,0.0,0.0,0.0,0.0
513,49928,10,0.0,0.0,0.0,0.0,0.0,0.0
514,49928,11,0.0,0.0,0.0,0.0,0.0,0.0
515,49928,12,0.0,0.0,0.0,0.0,0.0,0.0
516,49928,13,0.0,0.0,0.0,0.0,0.0,0.0
517,49928,14,10.06,0.0,0.0,10.06,10.06,0.0
518,49928,15,0.0,0.0,0.0,0.0,0.0,0.0
519,49928,16,10.06,0.0,0.0,10.06,10.06,0.0
520,49928,17,10.06,0.0,0.0,10.06,10.06,0.0
521,49928,18,10.06,0.0,0.0,10.06,10.06,0.0
522,49928,19,0.0,0.0,0.0,0.0,0.0,0.0
523,49928,20,0.0,0.0,0.0,0.0,0.0,0.0
524,49928,21,0.0,0.0,0.0,0.0,0.0,0.0
525,49928,22,0.0,0.0,0.0,0.0,0.0,0.0
526,49928,23,10.06,0.0,0.0,10.06,10.06,0.0
527,49928,24,0.0,0.0,0.0,0.0,0.0,0.0
528,49929,1,0.0,0.0,0.0,0.0,0.0,26000.0
529,49929,2,0.0,0.0,0.0,0.0,0.0,26000.0
530,49929,3,0.0,0.0,0.0,0.0,0.0,26000.0
531,49929,4,0.0,0.0,0.0,0.0,0.0,26000.0
532,49929,5,0.0,0.0,0.0,0.0,0.0,26000.0
533,49929,6,0.0,0.0,0.0,0.0,0.0,26000.0
534,49929,7,0.0,0.0,0.0,0.0,0.0,26000.0
535,49929,8,0.0,0.0,0.0,0.0,0.0,26000.0
536,49929,9,0.0,0.0,0.0,0.0,0.0,26000.0
537,49929,10,20.018939393939394,0.0,0.0,0.0,20.018939393939394,25979.98106060606
538,49929,11,0.0,20.018939393939394,0.0,0.0,20.018939393939394,25959.96212121212
539,49929,12,20.018939393939394,0.0,0.0,0.0,20.018939393939394,25939.94318181818
540,49929,13,0.0,20.018939393939394,0.0,0.0,20.018939393939394,25919.92424242424
541,49929,14,9.958939393939394,0.0,0.0,0.0,9.958939393939394,25909.9653030303
542,49929,15,20.018939393939394,0.0,0.0,0.0,20.018939393939394,25889.94636363636
543,49929,16,9.958939393939394,0.0,0.0,0.0,9.958939393939394,25879.987424242423
544,49929,17,9.958939393939394,0.0,0.0,0.0,9.958939393939394,25870.028484848484
545,49929,18,0.0,9.958939393939394,0.0,0.0,9.958939393939394,25860.069545454546
546,49929,19,0.0,20.018939393939394,0.0,0.0,20.018939393939394,25840.050606060606
547,49929,20,0.0,20.018939393939394,0.0,0.0,20.018939393939394,25820.031666666666
548,49929,21,0.0,20.018939393939394,0.0,0.0,20.018939393939394,25800.012727272726
549,49929,22,20.018939393939394,0.0,0.0,0.0,20.018939393939394,25779.993787878786
550,49929,23,0.0,0.0,0.0,0.0,0.0,25779.993787878786
551,49929,24,0.0,0.0,0.0,0.0,0.0,25779.993787878786
552,49930,1,0.0,0.0,0.0,0.0,0.0,25000.0
553,49930,2,0.0,0.0,0.0,0.0,0.0,25000.0
554,49930,3,0.0,0.0,0.0,0.0,0.0,25000.0
555,49930,4,0.0,0.0,0.0,0.0,0.0,25000.0
556,49930,5,0.0,0.0,0.0,0.0,0.0,25000.0
557,49930,6,0.0,0.0,0.0,0.0,0.0,25000.0
558,49930,7,0.0,10.06,0.0,0.0,10.06,24989.94
559,49930,8,10.06,0.0,0.0,0.0,10.06,24979.879999999997
560,49930,9,0.0,0.0,0.0,0.0,0.0,24979.879999999997
561,49930,10,0.0,0.0,0.0,0.0,0.0,24979.879999999997
562,49930,11,0.0,0.0,0.0,0.0,0.0,24979.879999999997
563,49930,12,0.0,0.0,0.0,0.0,0.0,24979.879999999997
564,49930,13,0.0,0.0,0.0,0.0,0.0,24979.879999999997
565,49930,14,0.0,10.06,0.0,0.0,10.06,24969.819999999996
566,49930,15,0.0,0.0,0.0,0.0,0.0,24969.819999999996
567,49930,16,0.0,0.0,10.06,0.0,10.06,24959.759999999995
568,49930,17,0.0,0.0,10.06,0.0,10.06,24949.699999999993
569,49930,18,0.0,0.0,10.06,0.0,10.06,24939.639999999992
570,49930,19,0.0,0.0,0.0,0.0,0.0,24939.639999999992
571,49930,20,0.0,0.0,0.0,0.0,0.0,24939.639999999992
572,49930,21,0.0,0.0,0.0,0.0,0.0,24939.639999999992
573,49930,22,0.0,0.0,0.0,0.0,0.0,24939.639999999992
574,49930,23,0.0,0.0,10.06,0.0,10.06,24929.57999999999
575,49930,24,0.0,0.0,0.0,0.0,0.0,24929.57999999999
576,49931,1,0.0,0.0,0.0,0.0,0.0,0.0
577,49931,2,0.0,0.0,0.0,0.0,0.0,0.0
578,49931,3,0.0,0.0,0.0,0.0,0.0,0.0
579,49931,4,0.0,0.0,0.0,0.0,0.0,0.0
580,49931,5,0.0,0.0,0.0,0.0,0.0,0.0
581,49931,6,0.0,0.0,0.0,0.0,0.0,0.0
582,49931,7,0.0,0.0,0.0,0.0,0.0,0.0
583,49931,8,0.0,0.0,0.0,0.0,0.0,0.0
584,49931,9,0.0,0.0,0.0,0.0,0.0,0.0
585,49931,10,20.018939393939394,0.0,0.0,20.018939393939394,20.018939393939394,0.0
586,49931,11,0.0,20.018939393939394,0.0,20.018939393939394,20.018939393939394,0.0
587,49931,12,20.018939393939394,0.0,0.0,20.018939393939394,20.018939393939394,0.0
588,49931,13,0.0,20.018939393939394,0.0,20.018939393939394,20.018939393939394,0.0
589,49931,14,0.0,9.958939393939394,0.0,9.958939393939394,9.958939393939394,0.0
590,49931,15,20.018939393939394,0.0,0.0,20.018939393939394,20.018939393939394,0.0
591,49931,16,0.0,9.958939393939394,0.0,9.958939393939394,9.958939393939394,0.0
592,49931,17,9.958939393939394,0.0,0.0,9.958939393939394,9.958939393939394,0.0
593,49931,18,9.958939393939394,0.0,0.0,9.958939393939394,9.958939393939394,0.0
594,49931,19,0.0,20.018939393939394,0.0,20.018939393939394,20.018939393939394,0.0
595,49931,20,0.0,20.018939393939394,0.0,20.018939393939394,20.018939393939394,0.0
596,49931,21,0.0,20.018939393939394,0.0,20.018939393939394,20.018939393939394,0.0
597,49931,22,0.0,20.018939393939394,0.0,20.018939393939394,20.018939393939394,0.0
598,49931,23,0.0,0.0,0.0,0.0,0.0,0.0
599,49931,24,0.0,0.0,0.0,0.0,0.0,0.0
